Segundo,DAC,Tensao,Corrente,Potencia,Impedancia,Temperatura
1.82,0.27450980392156865,9.518775354866087,0.03816081882947393,0.3632442617955062,249.4384462084486,4.559046666666666
3.98,0.5882352941176471,12.453910358188534,0.04244198733899081,0.5285687057431642,293.43372304216575,4.559046666666666
6.05,0.7843137254901961,25.385987037770274,0.07929723865981579,2.0130386727490595,320.1370875810172,4.55962
8.18,0.803921568627451,37.59434290830295,0.11827555423703473,4.446491743656668,317.85387226307597,4.55962
10.24,0.803921568627451,39.83470679067406,0.12490184997710256,4.9754285714506405,318.928076709646,4.55962
12.49,0.803921568627451,39.867803808000524,0.12514906620695918,4.989418418293517,318.56253519359933,4.560193333333333
14.03,0.803921568627451,40.96837678204685,0.12314490376350608,5.045046816172216,332.6843054806772,4.560193333333333
16.2,0.8431372549019608,57.25212094020439,0.07751081868733194,4.437658765661383,738.633934072502,4.562486666666667
17.8,0.8431372549019608,60.47637650762091,0.08197178784492548,4.957356704712537,737.7706171546524,4.5579
1.52,0.29411764705882354,9.51997254142165,0.03820191486103615,0.3636811805067918,249.20144909101134,4.5579
3.06,0.5686274509803921,11.799057175343673,0.049276631790383135,0.5814177959030883,239.44528565863519,4.560193333333333
4.85,0.7254901960784313,20.442899420111537,0.10313316172534125,2.108340852029248,198.2184883903199,4.560766666666667
7.04,0.7647058823529411,27.618334572250635,0.14996480940559176,4.141778280227432,184.16543642285205,4.561913333333333
9.02,0.7647058823529411,29.62424844118487,0.1643304678789349,4.868166606901718,180.2724036726383,4.559046666666666
11.08,0.7647058823529411,29.771331029122457,0.1662804752800237,4.950391073241399,179.04285502543948,4.560766666666667
12.51,0.7647058823529411,29.97540349708634,0.16734116273420496,5.016118874629382,179.1274962317403,4.560766666666667
13.94,0.7647058823529411,29.90446234238924,0.16818036733621655,5.029343461735078,177.8118505509383,4.5613399999999995
15.45,0.7647058823529411,30.048281301661977,0.16884060250079855,5.073369919086088,177.96833733473477,4.55962
17.62,0.7647058823529411,30.18654585764091,0.170235779134977,5.138830153469213,177.32198255283643,4.560193333333333
19.51,0.7647058823529411,30.11373235570333,0.17068278257216715,5.139895632104946,176.4309902961115,4.55962
21.68,0.7647058823529411,30.12585843198136,0.17201206092640225,5.1820109960621465,175.13805874851488,4.559046666666666
23.15,0.7647058823529411,30.257799390180615,0.17250040222878985,5.2194825653641885,175.40712368919145,4.560766666666667
24.59,0.7647058823529411,30.22873196404936,0.17287600340013817,5.225822369798863,174.85788293058837,4.560766666666667
26.69,0.7647058823529411,30.147881228241758,0.1741992114951277,5.251737138208476,173.06554357787655,4.560193333333333
28.67,0.7647058823529411,30.373124637528985,0.17464222172180868,5.304429967331467,173.91627487373003,4.560766666666667
30.12,0.7647058823529411,30.302563301828226,0.1748952704708819,5.2997750046342675,173.2611935145111,4.560193333333333
31.57,0.7647058823529411,30.292713433792986,0.17488342555436753,5.2976934946385255,173.2166060778334,4.562486666666667
33.02,0.7647058823529411,30.211865963498266,0.17558593851563814,5.304778839509507,172.06312885247084,4.562486666666667
34.47,0.7647058823529411,30.167427330972536,0.17657892914759254,5.326932013240946,170.84386838566257,4.560193333333333
35.92,0.7647058823529411,30.161325410980623,0.1765558781543266,5.32515929423409,170.83161278049752,4.560766666666667
37.4,0.7647058823529411,30.177989820315148,0.1765995497233573,5.329419413823715,170.8837302676529,4.5613399999999995
39.58,0.7647058823529411,30.194473852811548,0.17711109151948673,5.347776221928055,170.48324638375,4.55962
41.29,0.7647058823529411,30.18426330387417,0.17759359126559046,5.360531719841191,169.962570657934,4.5613399999999995
42.84,0.7647058823529411,30.15710362439908,0.17844059704048124,5.381251575749433,169.00360189647654,4.561913333333333
44.38,0.7647058823529411,30.12445660802846,0.17846082709996217,5.37603544220568,168.80150729747933,4.560193333333333
46.41,0.7647058823529411,30.08161576898964,0.17846958254343592,5.36865340852362,168.553180549231,4.562486666666667
48.52,0.7647058823529411,30.071542522026178,0.17933312207465227,5.392823606075617,167.68537888671833,4.560193333333333
50.06,0.7647058823529411,30.30240136558881,0.1795836294297082,5.441815217668185,168.73699157221697,4.561913333333333
51.59,0.7647058823529411,30.06829519802851,0.18049742549473588,5.427249872259876,166.5857289410781,4.5613399999999995
53.07,0.7647058823529411,30.082109986335386,0.18036970382312756,5.425901268610061,166.78028154791573,4.561913333333333
55.33,0.7647058823529411,29.874702450749798,0.18009134304005522,5.38017528727756,165.88638824302166,4.561913333333333
57.11,0.7647058823529411,30.09263458399322,0.18039463704173486,5.428549893409015,166.81557211166535,4.5613399999999995
58.65,0.7647058823529411,30.24047424304125,0.18093153314948726,5.471455367961033,167.13766647882377,4.55962
0.67,1.0588235294117647,9.538156452822967,0.038282332650126795,0.3651428781959223,249.15295888562778,4.560193333333333
2.64,0.8235294117647058,49.948745830453475,0.25948702036269256,12.961051226397835,192.49034406668457,4.560766666666667
4.78,0.7647058823529411,35.284200249761184,0.1800851067488958,6.354158968527659,195.9306956957868,4.560766666666667
6.28,0.7647058823529411,32.063446017774865,0.1623690197275727,5.20611029899405,197.47268334545478,4.560193333333333
7.82,0.7647058823529411,31.82766782191671,0.16313522860881322,5.19221386621375,195.09990633744238,4.5613399999999995
9.36,0.7647058823529411,31.88508006099325,0.1633986254362391,5.209978253890731,195.13677043406554,4.562486666666667
10.87,0.7647058823529411,31.94067932684987,0.16351094491313997,5.222650657900818,195.3427603504912,4.560193333333333
12.85,0.7647058823529411,31.947903273024888,0.16382177987698152,5.233762377524581,195.01621394307574,4.5613399999999995
14.99,0.7647058823529411,31.852202128392157,0.16509586550401575,5.258666878595756,192.93155543993555,4.560766666666667
16.47,0.7647058823529411,31.921667179177586,0.1652800607092257,5.2760150893141695,193.13683115918508,4.5613399999999995
18.5,0.7647058823529411,32.017847133552806,0.16504919995756995,5.284520053756665,193.98971422935585,4.5613399999999995
20.6,0.7647058823529411,32.03528315932883,0.16608559368204195,5.320599022289449,192.88417766478833,4.55962
22.11,0.7647058823529411,31.990861034222796,0.16688047541147663,5.338650098213583,191.69924435643557,4.561913333333333
23.81,0.7647058823529411,31.85101967331513,0.1670913706383535,5.322030533443387,190.62037465867894,4.5613399999999995
26.13,0.7647058823529411,31.98894693124471,0.16678819106763704,5.335378592820944,191.79383580143477,4.560766666666667
27.65,0.7647058823529411,31.723494310768963,0.16919376559757013,5.367417460352094,187.49800974477844,4.560766666666667
29.83,0.7647058823529411,31.605139336246463,0.16923356156783004,5.348650293720513,186.75456004971505,4.560193333333333
31.87,0.7647058823529411,31.877581252076084,0.16815845509594382,5.360484815544536,189.568709071977,4.560766666666667
33.96,0.7647058823529411,31.72953191837814,0.16935809449198355,5.373653064819093,187.35172956188424,4.561913333333333
36.11,0.7647058823529411,31.62656483907279,0.1698163737997063,5.370708556712633,186.23978437070764,4.562486666666667
38.04,0.7647058823529411,31.84217611160063,0.16983119910517994,5.407794951151451,187.4930888987018,4.5613399999999995
40.02,0.7647058823529411,31.65876773531233,0.17130061619127046,5.423166420915314,184.8140913863547,4.55962
42.04,0.7647058823529411,31.46838226989293,0.1713544802317616,5.392248287591886,183.64493433338356,4.560766666666667
43.81,0.7647058823529411,31.412255869081815,0.17155027053486205,5.388780992451293,183.10816865018168,4.5613399999999995
45.98,0.7647058823529411,31.282281022333613,0.17280496647042082,5.405733523182642,181.02651596930943,4.560766666666667
47.53,0.7647058823529411,31.44292239551333,0.17238986330350198,5.420441093625164,182.39426491194735,4.5613399999999995
49.1,0.7647058823529411,31.274444837505815,0.17301544382234388,5.41096195385848,180.7610011370957,4.5613399999999995
50.64,0.7647058823529411,31.304929446897248,0.17328265297218942,5.42460122566557,180.65818424375956,4.5613399999999995
52.12,0.7647058823529411,31.395825618265082,0.17328346265176334,5.440377375943912,181.18189201562333,4.560766666666667
53.61,0.7647058823529411,31.34513371522825,0.17407802437893274,5.45649895104041,180.063703198953,4.5613399999999995
55.26,0.7647058823529411,31.52809681009012,0.17192605461271387,5.420501294006484,183.38172699368528,4.560766666666667
56.75,0.7647058823529411,31.28918611453951,0.1739454957505533,5.442612990324903,179.87925458794172,4.560766666666667
58.25,0.7647058823529411,31.36699068200706,0.17342205646533257,5.439728029202589,180.87082647573948,4.5613399999999995
59.82,0.7647058823529411,31.151330689123007,0.1737327207990125,5.412005437131117,179.30606592618372,4.5613399999999995
1.82,0.27450980392156865,9.518775354866087,0.03816081882947393,0.3632442617955062,249.4384462084486,4.559046666666666
3.98,0.5882352941176471,12.453910358188534,0.04244198733899081,0.5285687057431642,293.43372304216575,4.559046666666666
6.05,0.7843137254901961,25.385987037770274,0.07929723865981579,2.0130386727490595,320.1370875810172,4.55962
8.18,0.803921568627451,37.59434290830295,0.11827555423703473,4.446491743656668,317.85387226307597,4.55962
10.24,0.803921568627451,39.83470679067406,0.12490184997710256,4.9754285714506405,318.928076709646,4.55962
12.49,0.803921568627451,39.867803808000524,0.12514906620695918,4.989418418293517,318.56253519359933,4.560193333333333
14.03,0.803921568627451,40.96837678204685,0.12314490376350608,5.045046816172216,332.6843054806772,4.560193333333333
16.2,0.8431372549019608,57.25212094020439,0.07751081868733194,4.437658765661383,738.633934072502,4.562486666666667
17.8,0.8431372549019608,60.47637650762091,0.08197178784492548,4.957356704712537,737.7706171546524,4.5579
19.28,1.1176470588235294,9.516623751649187,0.03816515686871117,0.3632034383421938,249.35371769560766,4.559046666666666
21.49,0.8823529411764706,50.81495788074885,0.2696833095803768,13.7039460174678,188.4245560461868,4.560193333333333
23.4,0.803921568627451,36.881678198119474,0.19151930879628165,7.0635535157507325,192.57420272621374,4.561913333333333
24.92,0.7843137254901961,32.65507285453657,0.1678776621928209,5.482057289555846,194.5170812363923,4.55962
26.74,0.7843137254901961,31.86324061255039,0.16337223190189143,5.205568734499347,195.03461660293016,4.560766666666667
28.86,0.7843137254901961,32.17962957943009,0.16497306990609317,5.308772280159504,195.05989430728025,4.560766666666667
30.72,0.7843137254901961,32.04875411602228,0.16614316151049072,5.324681331308294,192.89842461556046,4.560766666666667
32.85,0.7843137254901961,32.014925188292096,0.16753740446032167,5.363697470037833,191.09120910294558,4.560193333333333
34.53,0.7843137254901961,32.14949202791499,0.16858082921718898,5.419788024977315,190.70669053653543,4.55962
36.69,0.7647058823529411,32.2218953453598,0.16965652053064276,5.466654649196257,189.92429671773206,4.560766666666667
38.77,0.7647058823529411,31.214982793060393,0.16463917745235027,5.1392090912387305,189.59632376743747,4.560766666666667
40.78,0.7647058823529411,31.337434771717575,0.16523841694276664,5.178148112725822,189.64981238335073,4.560766666666667
42.92,0.7647058823529411,31.15168863432406,0.16590489219815618,5.16821754466806,187.7683546372858,4.558473333333333
44.62,0.7647058823529411,31.116090127064975,0.1665893590927172,5.183609511738979,186.7831792890623,4.560766666666667
46.11,0.7647058823529411,31.182145724199597,0.16703850691748057,5.208619064253601,186.67639156762834,4.560766666666667
48.15,0.7647058823529411,31.18609465377541,0.16716348279787874,5.213176197189404,186.56045047519885,4.560766666666667
50.22,0.7647058823529411,31.185253020031954,0.16781360769961426,5.233309816316853,185.8326833414692,4.558473333333333
51.7,0.7647058823529411,31.157894190451184,0.16847244146054738,5.249246505034717,184.94356655802184,4.55962
53.93,0.7647058823529411,31.075572403046742,0.16915205009503673,5.256496779852103,183.7138384405461,4.55962
55.73,0.7647058823529411,31.051533719262462,0.16987322647481345,5.2748242198825785,182.79239385534584,4.559046666666666
57.23,0.7647058823529411,31.07412335306175,0.16997652800084914,5.281871598223541,182.81420216388062,4.560766666666667
58.77,0.7647058823529411,31.02645915962679,0.17037138120476236,5.286020700918766,182.11074501026297,4.560766666666667
0.51,0.7647058823529411,30.98637665389345,0.1710229831276162,5.299382571664781,181.18252931403742,4.560193333333333
2.7,0.7647058823529411,30.961044652368663,0.1714570590114429,5.308489660017092,180.57608611088068,4.560766666666667
4.29,0.7647058823529411,30.982664104073102,0.17184013448412994,5.324065166320547,180.29934739683566,4.560766666666667
5.84,1.0588235294117647,9.528885564167416,0.038240905771918646,0.36439321497072197,249.1804357616639,4.5579
7.38,0.8235294117647058,49.84739542482686,0.24788257038452835,12.35630050488006,201.092780938575,4.55962
9.17,0.7843137254901961,34.878552555056416,0.1715678485963907,5.9840382240271754,203.29305776344717,4.560193333333333
11.37,0.7843137254901961,32.910685037163816,0.1622177411302849,5.338696985778981,202.87969002559132,4.560193333333333
13.22,0.7843137254901961,32.98244551632271,0.16307575216621908,5.378637110855666,202.25229734157242,4.55962
15.36,0.7647058823529411,33.074297819325196,0.16403340652467924,5.425289739715682,201.6314756857109,4.55962
17.51,0.7647058823529411,32.134875391365725,0.15905000143642792,5.1110519771561504,202.04259730365357,4.5579
19.37,0.7647058823529411,32.169432054648084,0.15965267414303538,5.135935853187248,201.4963559321717,4.559046666666666
20.87,0.7647058823529411,32.17347543345477,0.1602395295475377,5.155462567366054,200.78363637425667,4.55962
22.72,0.7647058823529411,32.20630762533632,0.16078591315041219,5.178320580742784,200.3055304677589,4.560193333333333
24.96,0.7647058823529411,32.18913885398278,0.16146158044648498,5.197309232575416,199.36097965207017,4.561913333333333
26.46,0.7647058823529411,32.187095358204246,0.16212927852203796,5.2184705481456914,198.5273459033441,4.558473333333333
27.96,0.7647058823529411,32.15507634929694,0.16254400652911402,5.226614940064282,197.82382036668633,4.560193333333333
29.46,0.7647058823529411,32.10663913749687,0.16330599505542814,5.24320665223448,196.60416708277896,4.559046666666666
30.94,0.7647058823529411,32.0933091498932,0.16369754956656699,5.2535960653198,196.05247137094486,4.5613399999999995
32.46,0.7647058823529411,32.0448853529069,0.1641536206640095,5.2602839544427535,195.21278436189078,4.558473333333333
34.02,0.7647058823529411,32.10747735271693,0.164332648406222,5.276306787014766,195.38100106163242,4.55962
35.59,0.7647058823529411,32.026172315468536,0.16471400774779849,5.275159194902414,194.43502561424737,4.55962
37.13,0.7647058823529411,32.01374377406978,0.16523941469994277,5.289932283581227,193.741570872805,4.559046666666666
38.94,0.7647058823529411,32.048793687788574,0.16576507617340053,5.312570726921871,193.33863578274807,4.5613399999999995
41.16,0.7647058823529411,31.993590991500522,0.16623283675540154,5.318385388509191,192.46252194189861,4.560766666666667
42.71,0.7647058823529411,32.073084656766255,0.1654306233248422,5.305870386719274,193.8763453353315,4.55962
44.26,0.7647058823529411,32.07885742215531,0.16623124141810727,5.332508292559342,192.97730768592464,4.560193333333333
45.79,0.7647058823529411,31.993331115831488,0.16641784438145724,5.324261198878878,192.2469987202663,4.559046666666666
47.3,0.7647058823529411,32.01013024923971,0.16706505522879547,5.347774177970169,191.60278734174454,4.560193333333333
49.5,0.7647058823529411,31.96162167584908,0.16726590005387243,5.346089416792255,191.08271121343316,4.561913333333333
51.34,0.7647058823529411,31.890275679281075,0.16746359793520926,5.340460304398109,190.43109112954355,4.559046666666666
53.22,0.7647058823529411,31.71797927334819,0.16868957070097218,5.35049230712344,188.0257276223265,4.5613399999999995
55.38,0.7647058823529411,31.7091259014086,0.16861699325401766,5.346697468208611,188.05415331798454,4.562486666666667
56.93,0.7647058823529411,31.687573178328208,0.16927396760304822,5.363881235607549,187.1969661196598,4.56306
59.19,0.7647058823529411,31.682609633527058,0.16917007156275748,5.359749338998682,187.28259284192401,4.55962
1.01,0.7647058823529411,31.559400803163033,0.16979680909087302,5.358685553197018,185.86568836092118,4.56306
2.48,0.7647058823529411,31.64999600231635,0.17026208645676869,5.388794355702769,185.88986345091345,4.560193333333333
4.0,0.7647058823529411,31.54496967560338,0.17017904150114418,5.368292703576842,185.36342311806527,4.561913333333333
5.51,0.7647058823529411,31.518543820062906,0.17027441114761713,5.3668014891915785,185.10440651436653,4.561913333333333
7.03,0.7647058823529411,31.613982767212125,0.1702718614403989,5.382971693317902,185.66768754259564,4.560766666666667
8.59,0.7647058823529411,31.48889555233426,0.17041030414476535,5.36603226825603,184.78281410485667,4.561913333333333
10.14,0.7647058823529411,31.54285887721413,0.1708075022017401,5.38775693711893,184.66904831825818,4.55962
1.46,0.27450980392156865,9.523560129267391,0.03823690933384397,0.3641515051982086,249.06720483388983,4.55962
2.93,0.5686274509803921,11.347385779237305,0.04833312074334417,0.5484545669891833,234.77453151625687,4.559046666666666
4.56,0.7058823529411765,19.970005428302922,0.10776090581985161,2.1519858741812765,185.3177205255458,4.5573266666666665
6.7,0.7450980392156863,25.959587391729947,0.15024681311622418,3.900345275419539,172.77962076738876,4.55962
8.18,0.7450980392156863,27.876781106231128,0.16430870755903332,4.580397874470916,169.6610089651851,4.5613399999999995
10.27,0.7450980392156863,28.020901778665753,0.1665322154000568,4.6663828507086,168.26114821899014,4.5613399999999995
12.23,0.7450980392156863,28.08393148463467,0.16744683562550636,4.702565459025605,167.71849631989573,4.561913333333333
13.84,0.7450980392156863,28.514272018453678,0.16817430719412116,4.795367941848162,169.5518922848308,4.5613399999999995
15.98,0.7450980392156863,28.28454045995022,0.16936388837749117,4.790379753267642,167.0045529239827,4.560193333333333
17.64,0.7450980392156863,28.322808811634843,0.16987139926973116,4.8112351640814826,166.73088544271263,4.5613399999999995
19.12,0.7450980392156863,28.44871898128008,0.1708062967766288,4.859220337231439,166.55544624612855,4.561913333333333
20.59,0.7450980392156863,28.41525774872454,0.1713051212838494,4.8676791749570985,165.87512116255408,4.55962
22.05,0.7450980392156863,28.46907118459949,0.17209789307754594,4.8994671687442475,165.42370551725205,4.5613399999999995
23.52,0.7450980392156863,28.52324290145227,0.17237183442217877,4.916603702592717,165.47507890176655,4.560766666666667
25.52,0.7450980392156863,28.48786460887968,0.1728726493297995,4.924772628685663,164.79104542750238,4.5613399999999995
27.56,0.7450980392156863,28.471859548590565,0.1737178033058137,4.94606889681281,163.89718846760087,4.5613399999999995
28.98,0.7450980392156863,28.475742604104408,0.17368979350084573,4.94594585269013,163.94597535154392,4.559046666666666
30.42,0.7450980392156863,28.499685166635633,0.1745846244750977,4.975606832475594,163.24281277530687,4.561913333333333
31.84,0.7450980392156863,28.584768028049183,0.17477529732121916,4.995911330960375,163.5515342623809,4.562486666666667
33.69,0.7450980392156863,28.476875564323873,0.17516731763692048,4.988217907282979,162.5695703313192,4.561913333333333
35.8,0.7450980392156863,28.53542362665236,0.17628864503295083,5.030471166583796,161.867621260114,4.5613399999999995
37.39,0.7450980392156863,28.38226159952466,0.1761928024628534,5.000750211454078,161.08638493055625,4.55962
39.54,0.7450980392156863,28.56243453634891,0.17611919139043775,5.0303928746840825,162.1767299227998,4.5613399999999995
41.41,0.7450980392156863,28.323641750930104,0.17640105175084175,4.996320194278123,160.56390520242434,4.560193333333333
43.56,0.7450980392156863,28.306674995964336,0.1768131826351046,5.004993295853991,160.09369083289332,4.558473333333333
45.05,0.7450980392156863,28.49486985222383,0.17748728074928724,5.057476965376051,160.54598240464767,4.561913333333333
46.53,0.7450980392156863,28.58289112072121,0.17750097641338983,5.073491082645625,161.02948670069995,4.562486666666667
48.29,0.7450980392156863,28.274522993028405,0.17770002253430045,5.024383373007744,159.11378394772422,4.55962
50.57,0.7450980392156863,28.294138091687262,0.17850325792415392,5.05059582952208,158.50768451357592,4.5613399999999995
52.63,0.7450980392156863,28.656828482993422,0.17849112783967347,5.114989636237575,160.55043648294898,4.561913333333333
54.18,0.7450980392156863,28.302391157861603,0.1784905916921408,5.051710544069131,158.56517080002374,4.5613399999999995
55.73,0.7450980392156863,28.334691657631367,0.17950595283479645,5.086245824283277,157.84820063158824,4.560766666666667
57.29,0.7450980392156863,28.30402394169962,0.17885600219612574,5.062344568275822,158.25034437850542,4.562486666666667
58.84,0.7450980392156863,28.193430843238232,0.17949567447824338,5.060598885062757,157.07025211159365,4.561913333333333
0.0,0.7450980392156863,28.25912154929701,0.17975987965650228,5.079856288900101,157.2048312632191,4.562486666666667
1.55,0.7450980392156863,28.239880672374174,0.17958401594090606,5.071431180836928,157.2516380392495,4.560766666666667
3.11,0.7450980392156863,28.20354832604094,0.17967467821260036,5.067463469934929,156.97007840286236,4.560766666666667
4.62,0.7450980392156863,28.342034434657023,0.1795114340775776,5.0877192460413685,157.88428508909766,4.560193333333333
1.46,0.27450980392156865,9.523560129267391,0.03823690933384397,0.3641515051982086,249.06720483388983,4.55962
2.93,0.5686274509803921,11.347385779237305,0.04833312074334417,0.5484545669891833,234.77453151625687,4.559046666666666
4.56,0.7058823529411765,19.970005428302922,0.10776090581985161,2.1519858741812765,185.3177205255458,4.5573266666666665
6.7,0.7450980392156863,25.959587391729947,0.15024681311622418,3.900345275419539,172.77962076738876,4.55962
8.18,0.7450980392156863,27.876781106231128,0.16430870755903332,4.580397874470916,169.6610089651851,4.5613399999999995
10.27,0.7450980392156863,28.020901778665753,0.1665322154000568,4.6663828507086,168.26114821899014,4.5613399999999995
12.23,0.7450980392156863,28.08393148463467,0.16744683562550636,4.702565459025605,167.71849631989573,4.561913333333333
13.84,0.7450980392156863,28.514272018453678,0.16817430719412116,4.795367941848162,169.5518922848308,4.5613399999999995
15.98,0.7450980392156863,28.28454045995022,0.16936388837749117,4.790379753267642,167.0045529239827,4.560193333333333
17.64,0.7450980392156863,28.322808811634843,0.16987139926973116,4.8112351640814826,166.73088544271263,4.5613399999999995
19.12,0.7450980392156863,28.44871898128008,0.1708062967766288,4.859220337231439,166.55544624612855,4.561913333333333
20.59,0.7450980392156863,28.41525774872454,0.1713051212838494,4.8676791749570985,165.87512116255408,4.55962
22.05,0.7450980392156863,28.46907118459949,0.17209789307754594,4.8994671687442475,165.42370551725205,4.5613399999999995
23.52,0.7450980392156863,28.52324290145227,0.17237183442217877,4.916603702592717,165.47507890176655,4.560766666666667
25.52,0.7450980392156863,28.48786460887968,0.1728726493297995,4.924772628685663,164.79104542750238,4.5613399999999995
27.56,0.7450980392156863,28.471859548590565,0.1737178033058137,4.94606889681281,163.89718846760087,4.5613399999999995
28.98,0.7450980392156863,28.475742604104408,0.17368979350084573,4.94594585269013,163.94597535154392,4.559046666666666
30.42,0.7450980392156863,28.499685166635633,0.1745846244750977,4.975606832475594,163.24281277530687,4.561913333333333
31.84,0.7450980392156863,28.584768028049183,0.17477529732121916,4.995911330960375,163.5515342623809,4.562486666666667
33.69,0.7450980392156863,28.476875564323873,0.17516731763692048,4.988217907282979,162.5695703313192,4.561913333333333
35.8,0.7450980392156863,28.53542362665236,0.17628864503295083,5.030471166583796,161.867621260114,4.5613399999999995
37.39,0.7450980392156863,28.38226159952466,0.1761928024628534,5.000750211454078,161.08638493055625,4.55962
39.54,0.7450980392156863,28.56243453634891,0.17611919139043775,5.0303928746840825,162.1767299227998,4.5613399999999995
41.41,0.7450980392156863,28.323641750930104,0.17640105175084175,4.996320194278123,160.56390520242434,4.560193333333333
43.56,0.7450980392156863,28.306674995964336,0.1768131826351046,5.004993295853991,160.09369083289332,4.558473333333333
45.05,0.7450980392156863,28.49486985222383,0.17748728074928724,5.057476965376051,160.54598240464767,4.561913333333333
46.53,0.7450980392156863,28.58289112072121,0.17750097641338983,5.073491082645625,161.02948670069995,4.562486666666667
48.29,0.7450980392156863,28.274522993028405,0.17770002253430045,5.024383373007744,159.11378394772422,4.55962
50.57,0.7450980392156863,28.294138091687262,0.17850325792415392,5.05059582952208,158.50768451357592,4.5613399999999995
52.63,0.7450980392156863,28.656828482993422,0.17849112783967347,5.114989636237575,160.55043648294898,4.561913333333333
54.18,0.7450980392156863,28.302391157861603,0.1784905916921408,5.051710544069131,158.56517080002374,4.5613399999999995
55.73,0.7450980392156863,28.334691657631367,0.17950595283479645,5.086245824283277,157.84820063158824,4.560766666666667
57.29,0.7450980392156863,28.30402394169962,0.17885600219612574,5.062344568275822,158.25034437850542,4.562486666666667
58.84,0.7450980392156863,28.193430843238232,0.17949567447824338,5.060598885062757,157.07025211159365,4.561913333333333
0.0,0.7450980392156863,28.25912154929701,0.17975987965650228,5.079856288900101,157.2048312632191,4.562486666666667
1.55,0.7450980392156863,28.239880672374174,0.17958401594090606,5.071431180836928,157.2516380392495,4.560766666666667
3.11,0.7450980392156863,28.20354832604094,0.17967467821260036,5.067463469934929,156.97007840286236,4.560766666666667
4.62,0.7450980392156863,28.342034434657023,0.1795114340775776,5.0877192460413685,157.88428508909766,4.560193333333333
6.15,1.0392156862745099,9.53574051375051,0.03829661761337064,0.36518660811542974,248.99693779800705,4.55962
8.2,0.8235294117647058,46.877635023976765,0.27156044796827106,12.730111566804243,172.6232055319555,4.55962
10.25,0.7843137254901961,33.27249534892872,0.19239603097723587,6.401496045842427,172.93753504127898,4.5613399999999995
11.8,0.7647058823529411,31.285638466550417,0.17896059565082542,5.598896495290239,174.8185870346153,4.5613399999999995
13.34,0.7647058823529411,30.337228016417917,0.17271633777690443,5.239734921298606,175.6477030887729,4.560766666666667
14.89,0.7647058823529411,30.509955251263918,0.173171028420553,5.283440327926424,176.18394675793706,4.562486666666667
17.02,0.7647058823529411,30.347513528575266,0.17376749863465898,5.273411515641998,174.64435965887967,4.560766666666667
19.01,0.7647058823529411,30.387362140849454,0.17423947794592018,5.294678115575229,174.39998385601783,4.561913333333333
20.56,0.7647058823529411,30.637999866779747,0.17558605955308287,5.379605669195734,174.48993356740442,4.5613399999999995
22.83,0.7647058823529411,30.452972198935164,0.17571358425928113,5.35100089642314,173.31028973832255,4.562486666666667
24.95,0.7647058823529411,30.38227588888984,0.17539600897480773,5.328929934482807,173.2210217693931,4.560766666666667
27.15,0.7647058823529411,30.499444027395718,0.1757601895146451,5.360588062346381,173.52873885502026,4.5613399999999995
28.7,0.7647058823529411,30.40285754532717,0.1760998183071344,5.353937689749804,172.6455929233372,4.560766666666667
30.26,0.7647058823529411,30.369869044793656,0.17659576225147122,5.363190173442696,171.97394013083485,4.5613399999999995
31.81,0.7647058823529411,30.480824344460718,0.17624424405505154,5.372069844764291,172.94649540406974,4.5613399999999995
33.31,0.7647058823529411,30.423828266952516,0.17671030371795676,5.3762039333161376,172.1678228537895,4.560766666666667
34.82,0.7647058823529411,30.579974882994993,0.1764398132914171,5.395525058811861,173.3167492786196,4.561913333333333
36.34,0.7647058823529411,30.587256955276906,0.177191422796247,5.419799579339917,172.6226725457772,4.560766666666667
37.85,0.7647058823529411,30.46708602079756,0.17762361176714536,5.411673859034368,171.52610352692415,4.560193333333333
39.99,0.7647058823529411,30.500994512638616,0.17753795709405334,5.415084255110791,171.79985064534827,4.56306
41.92,0.7647058823529411,30.57327485279026,0.17728540601457987,5.420195445472266,172.45229339563306,4.5613399999999995
43.39,0.7647058823529411,30.606535465051,0.17767989294604303,5.438165944879531,172.25660685390804,4.560193333333333
44.86,0.7647058823529411,30.487729963609283,0.1778503824369906,5.422254433663609,171.42347149245276,4.55962
46.33,0.7647058823529411,30.444694883779444,0.17823188669891385,5.42621540910878,170.81508504260802,4.561913333333333
47.8,0.7647058823529411,30.251159164453664,0.17806026345398104,5.3865293706109325,169.8928136892932,4.560766666666667
49.31,0.7647058823529411,30.34867034965857,0.17824759137969517,5.409577391403011,170.26132086694605,4.560193333333333
50.82,0.7647058823529411,30.335987049829814,0.17853240644589566,5.415956769917644,169.9186587675507,4.560766666666667
52.33,0.7647058823529411,30.365138433185017,0.17844841682044293,5.418610879935452,170.1619940049051,4.560766666666667
53.85,0.7647058823529411,30.258538243082747,0.17840161168157173,5.398171989694436,169.60910811215697,4.561913333333333
55.92,0.7647058823529411,30.325815025486435,0.17921691154273253,5.434898908883872,169.21290945389123,4.560766666666667
58.01,0.7647058823529411,30.257943412598433,0.1793875783272645,5.427899193949439,168.6735709057712,4.562486666666667
59.49,0.7647058823529411,30.26914836912814,0.17904062786182467,5.419407328851428,169.06301508553955,4.561913333333333
0.97,0.7647058823529411,30.257668743471942,0.1796723449468202,5.436466295763711,168.40470776082805,4.560193333333333
2.44,0.7647058823529411,30.604836729666648,0.17922600332449487,5.485182569456858,170.76114047053503,4.5613399999999995
4.59,0.7647058823529411,30.205343527150525,0.17948118941212785,5.421290982854893,168.29253040992774,4.560766666666667
6.47,0.7647058823529411,30.13208098166219,0.17983708252806208,5.418865534241434,167.55210081302522,4.561913333333333
7.94,0.7450980392156863,30.505247029488483,0.18104582367813615,5.522847574958758,168.4946187089121,4.5613399999999995
9.41,0.7450980392156863,29.285503996743756,0.17353647450741758,5.082103117767798,168.7570528320949,4.5613399999999995
1.82,0.27450980392156865,9.518775354866087,0.03816081882947393,0.3632442617955062,249.4384462084486,4.559046666666666
3.98,0.5882352941176471,12.453910358188534,0.04244198733899081,0.5285687057431642,293.43372304216575,4.559046666666666
6.05,0.7843137254901961,25.385987037770274,0.07929723865981579,2.0130386727490595,320.1370875810172,4.55962
8.18,0.803921568627451,37.59434290830295,0.11827555423703473,4.446491743656668,317.85387226307597,4.55962
10.24,0.803921568627451,39.83470679067406,0.12490184997710256,4.9754285714506405,318.928076709646,4.55962
12.49,0.803921568627451,39.867803808000524,0.12514906620695918,4.989418418293517,318.56253519359933,4.560193333333333
14.03,0.803921568627451,40.96837678204685,0.12314490376350608,5.045046816172216,332.6843054806772,4.560193333333333
16.2,0.8431372549019608,57.25212094020439,0.07751081868733194,4.437658765661383,738.633934072502,4.562486666666667
17.8,0.8431372549019608,60.47637650762091,0.08197178784492548,4.957356704712537,737.7706171546524,4.5579
19.28,1.1176470588235294,9.516623751649187,0.03816515686871117,0.3632034383421938,249.35371769560766,4.559046666666666
21.49,0.8823529411764706,50.81495788074885,0.2696833095803768,13.7039460174678,188.4245560461868,4.560193333333333
23.4,0.803921568627451,36.881678198119474,0.19151930879628165,7.0635535157507325,192.57420272621374,4.561913333333333
24.92,0.7843137254901961,32.65507285453657,0.1678776621928209,5.482057289555846,194.5170812363923,4.55962
26.74,0.7843137254901961,31.86324061255039,0.16337223190189143,5.205568734499347,195.03461660293016,4.560766666666667
28.86,0.7843137254901961,32.17962957943009,0.16497306990609317,5.308772280159504,195.05989430728025,4.560766666666667
30.72,0.7843137254901961,32.04875411602228,0.16614316151049072,5.324681331308294,192.89842461556046,4.560766666666667
32.85,0.7843137254901961,32.014925188292096,0.16753740446032167,5.363697470037833,191.09120910294558,4.560193333333333
34.53,0.7843137254901961,32.14949202791499,0.16858082921718898,5.419788024977315,190.70669053653543,4.55962
36.69,0.7647058823529411,32.2218953453598,0.16965652053064276,5.466654649196257,189.92429671773206,4.560766666666667
38.77,0.7647058823529411,31.214982793060393,0.16463917745235027,5.1392090912387305,189.59632376743747,4.560766666666667
40.78,0.7647058823529411,31.337434771717575,0.16523841694276664,5.178148112725822,189.64981238335073,4.560766666666667
42.92,0.7647058823529411,31.15168863432406,0.16590489219815618,5.16821754466806,187.7683546372858,4.558473333333333
44.62,0.7647058823529411,31.116090127064975,0.1665893590927172,5.183609511738979,186.7831792890623,4.560766666666667
46.11,0.7647058823529411,31.182145724199597,0.16703850691748057,5.208619064253601,186.67639156762834,4.560766666666667
48.15,0.7647058823529411,31.18609465377541,0.16716348279787874,5.213176197189404,186.56045047519885,4.560766666666667
50.22,0.7647058823529411,31.185253020031954,0.16781360769961426,5.233309816316853,185.8326833414692,4.558473333333333
51.7,0.7647058823529411,31.157894190451184,0.16847244146054738,5.249246505034717,184.94356655802184,4.55962
53.93,0.7647058823529411,31.075572403046742,0.16915205009503673,5.256496779852103,183.7138384405461,4.55962
55.73,0.7647058823529411,31.051533719262462,0.16987322647481345,5.2748242198825785,182.79239385534584,4.559046666666666
57.23,0.7647058823529411,31.07412335306175,0.16997652800084914,5.281871598223541,182.81420216388062,4.560766666666667
58.77,0.7647058823529411,31.02645915962679,0.17037138120476236,5.286020700918766,182.11074501026297,4.560766666666667
0.51,0.7647058823529411,30.98637665389345,0.1710229831276162,5.299382571664781,181.18252931403742,4.560193333333333
2.7,0.7647058823529411,30.961044652368663,0.1714570590114429,5.308489660017092,180.57608611088068,4.560766666666667
4.29,0.7647058823529411,30.982664104073102,0.17184013448412994,5.324065166320547,180.29934739683566,4.560766666666667
2.07,0.27450980392156865,9.522499999999951,0.03819912323509661,0.3637511510062056,249.2858263105595,4.5579
4.03,0.5490196078431373,11.44355837058728,0.046965580473528695,0.5374533615573398,243.65840377587233,4.558473333333333
5.69,0.7058823529411765,19.616427368261895,0.09683387825847775,1.8995347396445434,202.57814435460236,4.55962
7.85,0.7450980392156863,26.59451015533056,0.1430231885976007,3.8036316416066493,185.94544294600283,4.558473333333333
9.5,0.7647058823529411,28.538462118839522,0.15777199680511242,4.502570154236371,180.88420440093438,4.55962
11.66,0.7647058823529411,29.567990608150584,0.16565098889263655,4.897966883808334,178.4957083915418,4.55962
13.61,0.7647058823529411,29.641284533329117,0.16729237258038884,4.9587608159110115,177.182522287952,4.560766666666667
15.75,0.7647058823529411,29.80751907707462,0.16905983101415592,5.039254138121464,176.31343234087782,4.56306
17.86,0.7647058823529411,29.86329234637326,0.1698269782514387,5.071592699823888,175.84539661395215,4.560766666666667
19.83,0.7647058823529411,29.918591893925264,0.1707586662760622,5.108858848664484,175.2098007462559,4.562486666666667
21.26,0.7647058823529411,30.044803091887253,0.17141231651643463,5.150049297260532,175.27797128280818,4.560766666666667
22.71,0.7647058823529411,30.004464953254395,0.1720628571856398,5.162653968183346,174.38083642236845,4.560766666666667
24.14,0.7647058823529411,29.978998506550145,0.17264317347863337,5.175669439882027,173.6471700704714,4.560193333333333
25.58,0.7647058823529411,29.983218935808765,0.17335004327313996,5.197592299990479,172.96343496474088,4.561913333333333
27.58,0.7647058823529411,30.11544192677789,0.1740498484624137,5.241588103734312,173.02768254510352,4.560193333333333
29.65,0.7647058823529411,30.000160290276188,0.1747671522565378,5.243042581171238,171.65788824114642,4.5613399999999995
31.75,0.7647058823529411,30.037526002686963,0.17541804562105776,5.2691241066830505,171.23395655413208,4.55962
33.86,0.7647058823529411,30.03197205260356,0.1761989114474974,5.291600784290412,170.44357315199582,4.56306
36.03,0.7647058823529411,29.97726546490389,0.17660874566508988,5.294247252226094,169.7382842056472,4.5613399999999995
38.15,0.7647058823529411,30.279909403527455,0.17749818232411224,5.374628880064917,170.59278583617404,4.560766666666667
39.95,0.7647058823529411,29.999134635295462,0.17772223615528207,5.331513290108082,168.7978684281475,4.560766666666667
41.65,0.7647058823529411,29.941516256555456,0.17822914917762597,5.336450967493936,167.99449694233388,4.560766666666667
43.82,0.7647058823529411,29.93212430413425,0.17906384203246395,5.35976117809157,167.15895271982163,4.558473333333333
45.37,0.7647058823529411,30.053684290323744,0.17902813540513285,5.380455060551193,167.87129141636632,4.5613399999999995
47.53,0.7647058823529411,29.856798765677564,0.17981766345127856,5.368779792179157,166.03929887993033,4.560193333333333
49.37,0.7647058823529411,29.91525677764174,0.18013721322579906,5.3888509888585805,166.06927709125517,4.559046666666666
50.87,0.7647058823529411,29.786870813735277,0.180368096395061,5.3726011862390335,165.14489762365164,4.560766666666667
52.52,0.7647058823529411,29.798363418150505,0.18058588777884726,5.3811639122234345,165.00936914097505,4.562486666666667
54.7,0.7647058823529411,29.760965327230814,0.18093398730678084,5.384770122754725,164.4852123706858,4.560193333333333
56.49,0.7647058823529411,29.807355315318166,0.1818212229057422,5.419609795017124,163.9377122150948,4.561913333333333
58.68,0.7647058823529411,29.803989415243596,0.1816454632552897,5.413759464187674,164.07780784129037,4.560193333333333
0.0,0.7647058823529411,29.679708895116892,0.18225220361204392,5.409192348699035,162.84965727106052,4.55962
2.2,0.7647058823529411,29.643376957314977,0.18252487024311598,5.410653532701691,162.40733067132803,4.560766666666667
3.71,0.7647058823529411,29.59726184793844,0.1828451769642822,5.411716580244502,161.87061829757806,4.56306
1.52,0.29411764705882354,9.51997254142165,0.03820191486103615,0.3636811805067918,249.20144909101134,4.5579
3.06,0.5686274509803921,11.799057175343673,0.049276631790383135,0.5814177959030883,239.44528565863519,4.560193333333333
4.85,0.7254901960784313,20.442899420111537,0.10313316172534125,2.108340852029248,198.2184883903199,4.560766666666667
7.04,0.7647058823529411,27.618334572250635,0.14996480940559176,4.141778280227432,184.16543642285205,4.561913333333333
9.02,0.7647058823529411,29.62424844118487,0.1643304678789349,4.868166606901718,180.2724036726383,4.559046666666666
11.08,0.7647058823529411,29.771331029122457,0.1662804752800237,4.950391073241399,179.04285502543948,4.560766666666667
12.51,0.7647058823529411,29.97540349708634,0.16734116273420496,5.016118874629382,179.1274962317403,4.560766666666667
13.94,0.7647058823529411,29.90446234238924,0.16818036733621655,5.029343461735078,177.8118505509383,4.5613399999999995
15.45,0.7647058823529411,30.048281301661977,0.16884060250079855,5.073369919086088,177.96833733473477,4.55962
17.62,0.7647058823529411,30.18654585764091,0.170235779134977,5.138830153469213,177.32198255283643,4.560193333333333
19.51,0.7647058823529411,30.11373235570333,0.17068278257216715,5.139895632104946,176.4309902961115,4.55962
21.68,0.7647058823529411,30.12585843198136,0.17201206092640225,5.1820109960621465,175.13805874851488,4.559046666666666
23.15,0.7647058823529411,30.257799390180615,0.17250040222878985,5.2194825653641885,175.40712368919145,4.560766666666667
24.59,0.7647058823529411,30.22873196404936,0.17287600340013817,5.225822369798863,174.85788293058837,4.560766666666667
26.69,0.7647058823529411,30.147881228241758,0.1741992114951277,5.251737138208476,173.06554357787655,4.560193333333333
28.67,0.7647058823529411,30.373124637528985,0.17464222172180868,5.304429967331467,173.91627487373003,4.560766666666667
30.12,0.7647058823529411,30.302563301828226,0.1748952704708819,5.2997750046342675,173.2611935145111,4.560193333333333
31.57,0.7647058823529411,30.292713433792986,0.17488342555436753,5.2976934946385255,173.2166060778334,4.562486666666667
33.02,0.7647058823529411,30.211865963498266,0.17558593851563814,5.304778839509507,172.06312885247084,4.562486666666667
34.47,0.7647058823529411,30.167427330972536,0.17657892914759254,5.326932013240946,170.84386838566257,4.560193333333333
35.92,0.7647058823529411,30.161325410980623,0.1765558781543266,5.32515929423409,170.83161278049752,4.560766666666667
37.4,0.7647058823529411,30.177989820315148,0.1765995497233573,5.329419413823715,170.8837302676529,4.5613399999999995
39.58,0.7647058823529411,30.194473852811548,0.17711109151948673,5.347776221928055,170.48324638375,4.55962
41.29,0.7647058823529411,30.18426330387417,0.17759359126559046,5.360531719841191,169.962570657934,4.5613399999999995
42.84,0.7647058823529411,30.15710362439908,0.17844059704048124,5.381251575749433,169.00360189647654,4.561913333333333
44.38,0.7647058823529411,30.12445660802846,0.17846082709996217,5.37603544220568,168.80150729747933,4.560193333333333
46.41,0.7647058823529411,30.08161576898964,0.17846958254343592,5.36865340852362,168.553180549231,4.562486666666667
48.52,0.7647058823529411,30.071542522026178,0.17933312207465227,5.392823606075617,167.68537888671833,4.560193333333333
50.06,0.7647058823529411,30.30240136558881,0.1795836294297082,5.441815217668185,168.73699157221697,4.561913333333333
51.59,0.7647058823529411,30.06829519802851,0.18049742549473588,5.427249872259876,166.5857289410781,4.5613399999999995
53.07,0.7647058823529411,30.082109986335386,0.18036970382312756,5.425901268610061,166.78028154791573,4.561913333333333
55.33,0.7647058823529411,29.874702450749798,0.18009134304005522,5.38017528727756,165.88638824302166,4.561913333333333
57.11,0.7647058823529411,30.09263458399322,0.18039463704173486,5.428549893409015,166.81557211166535,4.5613399999999995
58.65,0.7647058823529411,30.24047424304125,0.18093153314948726,5.471455367961033,167.13766647882377,4.55962
0.67,1.0588235294117647,9.538156452822967,0.038282332650126795,0.3651428781959223,249.15295888562778,4.560193333333333
2.64,0.8235294117647058,49.948745830453475,0.25948702036269256,12.961051226397835,192.49034406668457,4.560766666666667
4.78,0.7647058823529411,35.284200249761184,0.1800851067488958,6.354158968527659,195.9306956957868,4.560766666666667
6.28,0.7647058823529411,32.063446017774865,0.1623690197275727,5.20611029899405,197.47268334545478,4.560193333333333
7.82,0.7647058823529411,31.82766782191671,0.16313522860881322,5.19221386621375,195.09990633744238,4.5613399999999995
9.36,0.7647058823529411,31.88508006099325,0.1633986254362391,5.209978253890731,195.13677043406554,4.562486666666667
10.87,0.7647058823529411,31.94067932684987,0.16351094491313997,5.222650657900818,195.3427603504912,4.560193333333333
12.85,0.7647058823529411,31.947903273024888,0.16382177987698152,5.233762377524581,195.01621394307574,4.5613399999999995
14.99,0.7647058823529411,31.852202128392157,0.16509586550401575,5.258666878595756,192.93155543993555,4.560766666666667
16.47,0.7647058823529411,31.921667179177586,0.1652800607092257,5.2760150893141695,193.13683115918508,4.5613399999999995
18.5,0.7647058823529411,32.017847133552806,0.16504919995756995,5.284520053756665,193.98971422935585,4.5613399999999995
20.6,0.7647058823529411,32.03528315932883,0.16608559368204195,5.320599022289449,192.88417766478833,4.55962
22.11,0.7647058823529411,31.990861034222796,0.16688047541147663,5.338650098213583,191.69924435643557,4.561913333333333
23.81,0.7647058823529411,31.85101967331513,0.1670913706383535,5.322030533443387,190.62037465867894,4.5613399999999995
26.13,0.7647058823529411,31.98894693124471,0.16678819106763704,5.335378592820944,191.79383580143477,4.560766666666667
27.65,0.7647058823529411,31.723494310768963,0.16919376559757013,5.367417460352094,187.49800974477844,4.560766666666667
29.83,0.7647058823529411,31.605139336246463,0.16923356156783004,5.348650293720513,186.75456004971505,4.560193333333333
31.87,0.7647058823529411,31.877581252076084,0.16815845509594382,5.360484815544536,189.568709071977,4.560766666666667
33.96,0.7647058823529411,31.72953191837814,0.16935809449198355,5.373653064819093,187.35172956188424,4.561913333333333
36.11,0.7647058823529411,31.62656483907279,0.1698163737997063,5.370708556712633,186.23978437070764,4.562486666666667
38.04,0.7647058823529411,31.84217611160063,0.16983119910517994,5.407794951151451,187.4930888987018,4.5613399999999995
40.02,0.7647058823529411,31.65876773531233,0.17130061619127046,5.423166420915314,184.8140913863547,4.55962
42.04,0.7647058823529411,31.46838226989293,0.1713544802317616,5.392248287591886,183.64493433338356,4.560766666666667
43.81,0.7647058823529411,31.412255869081815,0.17155027053486205,5.388780992451293,183.10816865018168,4.5613399999999995
45.98,0.7647058823529411,31.282281022333613,0.17280496647042082,5.405733523182642,181.02651596930943,4.560766666666667
47.53,0.7647058823529411,31.44292239551333,0.17238986330350198,5.420441093625164,182.39426491194735,4.5613399999999995
49.1,0.7647058823529411,31.274444837505815,0.17301544382234388,5.41096195385848,180.7610011370957,4.5613399999999995
50.64,0.7647058823529411,31.304929446897248,0.17328265297218942,5.42460122566557,180.65818424375956,4.5613399999999995
52.12,0.7647058823529411,31.395825618265082,0.17328346265176334,5.440377375943912,181.18189201562333,4.560766666666667
53.61,0.7647058823529411,31.34513371522825,0.17407802437893274,5.45649895104041,180.063703198953,4.5613399999999995
55.26,0.7647058823529411,31.52809681009012,0.17192605461271387,5.420501294006484,183.38172699368528,4.560766666666667
56.75,0.7647058823529411,31.28918611453951,0.1739454957505533,5.442612990324903,179.87925458794172,4.560766666666667
58.25,0.7647058823529411,31.36699068200706,0.17342205646533257,5.439728029202589,180.87082647573948,4.5613399999999995
59.82,0.7647058823529411,31.151330689123007,0.1737327207990125,5.412005437131117,179.30606592618372,4.5613399999999995
1.42,1.0588235294117647,9.535689980317406,0.03831626413297911,0.3653720159760441,248.86794670856133,4.560193333333333
3.6,0.8235294117647058,49.04523651963693,0.2748270389395508,13.478957126781737,178.4585560026523,4.5613399999999995
5.58,0.7843137254901961,33.97239364416595,0.18869201578357836,6.410319437710898,180.04150044764387,4.5613399999999995
7.08,0.7647058823529411,31.970557887152278,0.17659973684873936,5.645992109778481,181.03400637870485,4.562486666666667
8.63,0.7647058823529411,31.015350319617774,0.17142482146551538,5.316800891230892,180.926834599953,4.562486666666667
10.19,0.7647058823529411,30.873371533229676,0.17193613124437526,5.308248059893737,179.56302325628647,4.5613399999999995
11.71,0.7647058823529411,30.933227805448283,0.17208414076180953,5.323117927889883,179.75641258112535,4.560766666666667
13.25,0.7647058823529411,30.97900935524503,0.17253244574618035,5.344884250854227,179.55468735903472,4.560193333333333
15.55,0.7647058823529411,30.838119616688463,0.17269261192897398,5.3255154235840605,178.57231570144845,4.559046666666666
17.1,0.7647058823529411,31.111565383319217,0.17298398817881167,5.3818026584924175,179.8522840805331,4.5613399999999995
18.65,0.7647058823529411,30.943736474540792,0.1734044587839617,5.365781876121281,178.44833224901365,4.560193333333333
20.18,0.7647058823529411,30.878366085351495,0.17378797314843067,5.366288656108478,177.67838318120306,4.55962
21.68,0.7647058823529411,30.874412997004956,0.1741125233803888,5.375621954796805,177.3244818786108,4.5613399999999995
23.17,0.7647058823529411,30.859605924613373,0.17496129110620914,5.399236495599177,176.3796193403731,4.560193333333333
24.73,0.7647058823529411,30.84120953738643,0.1749076960184066,5.394364902605169,176.32848776500273,4.562486666666667
26.62,0.7647058823529411,30.863676659009602,0.17474109963169204,5.393152798072325,176.6251713195239,4.561913333333333
28.84,0.7647058823529411,30.763873701386565,0.1755176903521413,5.39960405835235,175.27505996498118,4.560766666666667
30.43,0.7647058823529411,30.69636216009307,0.17536449082710812,5.38305192044923,175.04320296151985,4.560766666666667
31.98,0.7647058823529411,30.87570400288193,0.17608789350197568,5.436837678257997,175.3425711946262,4.561913333333333
34.05,0.7647058823529411,30.80300566741329,0.17582684129782422,5.415995188980257,175.18943888230143,4.561913333333333
36.13,0.7647058823529411,30.818146817196773,0.1756641729465101,5.4136442723869935,175.43786134797634,4.560766666666667
37.64,0.7647058823529411,30.544878506434276,0.17700407724029846,5.406568034448425,172.56595996354898,4.5613399999999995
39.86,0.7647058823529411,30.628523028248335,0.17719140631783917,5.427111068813645,172.85557840941823,4.562486666666667
41.76,0.7647058823529411,30.60027255916702,0.17675052271994948,5.408614170205698,173.1269140722786,4.560766666666667
43.24,0.7647058823529411,30.571162986870345,0.17699663214335995,5.410992889381792,172.72172140602635,4.560766666666667
44.76,0.7647058823529411,30.533623975240747,0.17729562523203982,5.413477953290309,172.21871061555606,4.562486666666667
46.98,0.7647058823529411,30.578939000165583,0.17812474060268976,5.446865577309968,171.67148649143817,4.5613399999999995
48.84,0.7647058823529411,30.595229592758418,0.17756092241917068,5.432517188116493,172.30835014774146,4.561913333333333
50.29,0.7647058823529411,30.516670465972332,0.17805819459279654,5.433743248154348,171.38593669199713,4.560766666666667
52.46,0.7647058823529411,30.485882558274106,0.17843360443888845,5.43970590937349,170.85280911149889,4.5613399999999995
54.4,0.7647058823529411,30.40189482689121,0.17874366475306985,5.4341460967959305,170.08655869784647,4.560193333333333
55.97,0.7647058823529411,30.60997591207738,0.17855443485146302,5.465546949797873,171.43217942215438,4.561913333333333
57.54,0.7647058823529411,30.429012253725013,0.17867241855303728,5.436825213553056,170.30615301539916,4.560193333333333
59.12,0.7647058823529411,30.294260877824872,0.17840351933188361,5.404602756162155,169.80752953347593,4.562486666666667
1.52,0.29411764705882354,9.51997254142165,0.03820191486103615,0.3636811805067918,249.20144909101134,4.5579
3.06,0.5686274509803921,11.799057175343673,0.049276631790383135,0.5814177959030883,239.44528565863519,4.560193333333333
4.85,0.7254901960784313,20.442899420111537,0.10313316172534125,2.108340852029248,198.2184883903199,4.560766666666667
7.04,0.7647058823529411,27.618334572250635,0.14996480940559176,4.141778280227432,184.16543642285205,4.561913333333333
9.02,0.7647058823529411,29.62424844118487,0.1643304678789349,4.868166606901718,180.2724036726383,4.559046666666666
11.08,0.7647058823529411,29.771331029122457,0.1662804752800237,4.950391073241399,179.04285502543948,4.560766666666667
12.51,0.7647058823529411,29.97540349708634,0.16734116273420496,5.016118874629382,179.1274962317403,4.560766666666667
13.94,0.7647058823529411,29.90446234238924,0.16818036733621655,5.029343461735078,177.8118505509383,4.5613399999999995
15.45,0.7647058823529411,30.048281301661977,0.16884060250079855,5.073369919086088,177.96833733473477,4.55962
17.62,0.7647058823529411,30.18654585764091,0.170235779134977,5.138830153469213,177.32198255283643,4.560193333333333
19.51,0.7647058823529411,30.11373235570333,0.17068278257216715,5.139895632104946,176.4309902961115,4.55962
21.68,0.7647058823529411,30.12585843198136,0.17201206092640225,5.1820109960621465,175.13805874851488,4.559046666666666
23.15,0.7647058823529411,30.257799390180615,0.17250040222878985,5.2194825653641885,175.40712368919145,4.560766666666667
24.59,0.7647058823529411,30.22873196404936,0.17287600340013817,5.225822369798863,174.85788293058837,4.560766666666667
26.69,0.7647058823529411,30.147881228241758,0.1741992114951277,5.251737138208476,173.06554357787655,4.560193333333333
28.67,0.7647058823529411,30.373124637528985,0.17464222172180868,5.304429967331467,173.91627487373003,4.560766666666667
30.12,0.7647058823529411,30.302563301828226,0.1748952704708819,5.2997750046342675,173.2611935145111,4.560193333333333
31.57,0.7647058823529411,30.292713433792986,0.17488342555436753,5.2976934946385255,173.2166060778334,4.562486666666667
33.02,0.7647058823529411,30.211865963498266,0.17558593851563814,5.304778839509507,172.06312885247084,4.562486666666667
34.47,0.7647058823529411,30.167427330972536,0.17657892914759254,5.326932013240946,170.84386838566257,4.560193333333333
35.92,0.7647058823529411,30.161325410980623,0.1765558781543266,5.32515929423409,170.83161278049752,4.560766666666667
37.4,0.7647058823529411,30.177989820315148,0.1765995497233573,5.329419413823715,170.8837302676529,4.5613399999999995
39.58,0.7647058823529411,30.194473852811548,0.17711109151948673,5.347776221928055,170.48324638375,4.55962
41.29,0.7647058823529411,30.18426330387417,0.17759359126559046,5.360531719841191,169.962570657934,4.5613399999999995
42.84,0.7647058823529411,30.15710362439908,0.17844059704048124,5.381251575749433,169.00360189647654,4.561913333333333
44.38,0.7647058823529411,30.12445660802846,0.17846082709996217,5.37603544220568,168.80150729747933,4.560193333333333
46.41,0.7647058823529411,30.08161576898964,0.17846958254343592,5.36865340852362,168.553180549231,4.562486666666667
48.52,0.7647058823529411,30.071542522026178,0.17933312207465227,5.392823606075617,167.68537888671833,4.560193333333333
50.06,0.7647058823529411,30.30240136558881,0.1795836294297082,5.441815217668185,168.73699157221697,4.561913333333333
51.59,0.7647058823529411,30.06829519802851,0.18049742549473588,5.427249872259876,166.5857289410781,4.5613399999999995
53.07,0.7647058823529411,30.082109986335386,0.18036970382312756,5.425901268610061,166.78028154791573,4.561913333333333
55.33,0.7647058823529411,29.874702450749798,0.18009134304005522,5.38017528727756,165.88638824302166,4.561913333333333
57.11,0.7647058823529411,30.09263458399322,0.18039463704173486,5.428549893409015,166.81557211166535,4.5613399999999995
58.65,0.7647058823529411,30.24047424304125,0.18093153314948726,5.471455367961033,167.13766647882377,4.55962
2.07,0.27450980392156865,9.522499999999951,0.03819912323509661,0.3637511510062056,249.2858263105595,4.5579
4.03,0.5490196078431373,11.44355837058728,0.046965580473528695,0.5374533615573398,243.65840377587233,4.558473333333333
5.69,0.7058823529411765,19.616427368261895,0.09683387825847775,1.8995347396445434,202.57814435460236,4.55962
7.85,0.7450980392156863,26.59451015533056,0.1430231885976007,3.8036316416066493,185.94544294600283,4.558473333333333
9.5,0.7647058823529411,28.538462118839522,0.15777199680511242,4.502570154236371,180.88420440093438,4.55962
11.66,0.7647058823529411,29.567990608150584,0.16565098889263655,4.897966883808334,178.4957083915418,4.55962
13.61,0.7647058823529411,29.641284533329117,0.16729237258038884,4.9587608159110115,177.182522287952,4.560766666666667
15.75,0.7647058823529411,29.80751907707462,0.16905983101415592,5.039254138121464,176.31343234087782,4.56306
17.86,0.7647058823529411,29.86329234637326,0.1698269782514387,5.071592699823888,175.84539661395215,4.560766666666667
19.83,0.7647058823529411,29.918591893925264,0.1707586662760622,5.108858848664484,175.2098007462559,4.562486666666667
21.26,0.7647058823529411,30.044803091887253,0.17141231651643463,5.150049297260532,175.27797128280818,4.560766666666667
22.71,0.7647058823529411,30.004464953254395,0.1720628571856398,5.162653968183346,174.38083642236845,4.560766666666667
24.14,0.7647058823529411,29.978998506550145,0.17264317347863337,5.175669439882027,173.6471700704714,4.560193333333333
25.58,0.7647058823529411,29.983218935808765,0.17335004327313996,5.197592299990479,172.96343496474088,4.561913333333333
27.58,0.7647058823529411,30.11544192677789,0.1740498484624137,5.241588103734312,173.02768254510352,4.560193333333333
29.65,0.7647058823529411,30.000160290276188,0.1747671522565378,5.243042581171238,171.65788824114642,4.5613399999999995
31.75,0.7647058823529411,30.037526002686963,0.17541804562105776,5.2691241066830505,171.23395655413208,4.55962
33.86,0.7647058823529411,30.03197205260356,0.1761989114474974,5.291600784290412,170.44357315199582,4.56306
36.03,0.7647058823529411,29.97726546490389,0.17660874566508988,5.294247252226094,169.7382842056472,4.5613399999999995
38.15,0.7647058823529411,30.279909403527455,0.17749818232411224,5.374628880064917,170.59278583617404,4.560766666666667
39.95,0.7647058823529411,29.999134635295462,0.17772223615528207,5.331513290108082,168.7978684281475,4.560766666666667
41.65,0.7647058823529411,29.941516256555456,0.17822914917762597,5.336450967493936,167.99449694233388,4.560766666666667
43.82,0.7647058823529411,29.93212430413425,0.17906384203246395,5.35976117809157,167.15895271982163,4.558473333333333
45.37,0.7647058823529411,30.053684290323744,0.17902813540513285,5.380455060551193,167.87129141636632,4.5613399999999995
47.53,0.7647058823529411,29.856798765677564,0.17981766345127856,5.368779792179157,166.03929887993033,4.560193333333333
49.37,0.7647058823529411,29.91525677764174,0.18013721322579906,5.3888509888585805,166.06927709125517,4.559046666666666
50.87,0.7647058823529411,29.786870813735277,0.180368096395061,5.3726011862390335,165.14489762365164,4.560766666666667
52.52,0.7647058823529411,29.798363418150505,0.18058588777884726,5.3811639122234345,165.00936914097505,4.562486666666667
54.7,0.7647058823529411,29.760965327230814,0.18093398730678084,5.384770122754725,164.4852123706858,4.560193333333333
56.49,0.7647058823529411,29.807355315318166,0.1818212229057422,5.419609795017124,163.9377122150948,4.561913333333333
58.68,0.7647058823529411,29.803989415243596,0.1816454632552897,5.413759464187674,164.07780784129037,4.560193333333333
0.0,0.7647058823529411,29.679708895116892,0.18225220361204392,5.409192348699035,162.84965727106052,4.55962
2.2,0.7647058823529411,29.643376957314977,0.18252487024311598,5.410653532701691,162.40733067132803,4.560766666666667
3.71,0.7647058823529411,29.59726184793844,0.1828451769642822,5.411716580244502,161.87061829757806,4.56306
5.34,1.0588235294117647,9.53509543139494,0.03826201174534746,0.36483193338904213,249.20528211782738,4.55962
7.32,0.8235294117647058,48.49480752851123,0.2719203492777664,13.186725001310831,178.34195806719055,4.5613399999999995
9.47,0.7843137254901961,33.556018927526324,0.18625008127603646,6.2498112525519955,180.16646595602722,4.5613399999999995
11.17,0.7647058823529411,31.50529948269995,0.1744252777525563,5.495320612947408,180.62347320664205,4.560193333333333
13.35,0.7647058823529411,30.683196318794394,0.16912109967156588,5.18917590287305,181.4273699637794,4.560766666666667
15.5,0.7647058823529411,30.6744256371725,0.17005361155121734,5.216296861860435,180.38091256846886,4.560193333333333
17.37,0.7647058823529411,30.825780137791156,0.17065456197587328,5.260560006979325,180.6326170298877,4.560193333333333
19.51,0.7647058823529411,30.689664917208116,0.17197250314891155,5.277778496613613,178.45681347461598,4.561913333333333
21.48,0.7647058823529411,30.709334010056207,0.17289859051958192,5.309600566133779,177.61471575777924,4.55962
23.51,0.7647058823529411,30.77005181374644,0.17332903306102748,5.333343328114386,177.52393393271052,4.559046666666666
25.58,0.7647058823529411,30.5631628440055,0.1739486660865367,5.316421408100358,175.70219727238847,4.55962
27.77,0.7647058823529411,30.548517308405554,0.1745283708961191,5.3315829591279185,175.03467861158407,4.55962
29.67,0.7647058823529411,30.55639556077687,0.17482079600964745,5.34189339512067,174.78696046602272,4.5613399999999995
31.88,0.7647058823529411,30.50681146049964,0.17555791801735476,5.355712305353295,173.770638231674,4.561913333333333
34.05,0.7647058823529411,30.49251436011827,0.17606933540724012,5.36879673828175,173.18469618568454,4.5579
36.13,0.7647058823529411,30.675993789056463,0.1763238333172025,5.408908815701131,173.97531128914977,4.56306
38.43,0.7647058823529411,30.436926630729246,0.17718479014750058,5.392960457800633,171.78069633060204,4.55962
40.03,0.7647058823529411,30.50778111056722,0.17720615238042203,5.406166508267735,172.15983023588157,4.560766666666667
41.59,0.7647058823529411,30.73368365892286,0.1779693690577149,5.469654289597904,172.69086147603312,4.560193333333333
43.16,0.7647058823529411,31.16920891653426,0.17539145478514298,5.466812896372994,177.7122434768386,4.5613399999999995
44.71,0.7647058823529411,30.50532966560306,0.1767343870811345,5.391340741158307,172.60551367176097,4.559046666666666
46.64,0.7647058823529411,30.441889959384017,0.17720585298970426,5.394481076871358,171.7882871574942,4.560193333333333
48.81,0.7647058823529411,30.342442362246466,0.17850586165647608,5.416303818634767,169.98008962102708,4.55962
50.37,0.7647058823529411,30.247744593882313,0.1770362065684833,5.354945960153273,170.85626257011734,4.560766666666667
51.92,0.7647058823529411,30.58697137205091,0.17663849348671795,5.4028365434804435,173.161414413619,4.560766666666667
53.44,0.7647058823529411,30.397924123258786,0.1798643569198517,5.4675030741283885,169.0047135731524,4.5613399999999995
54.99,0.7647058823529411,30.04969598868343,0.1804775121150845,5.4232943718522195,166.50105399015993,4.560766666666667
56.52,0.7647058823529411,30.14389005742622,0.18087844558047328,5.452379977335938,166.6527482624519,4.560193333333333
58.01,0.7647058823529411,29.985777594625517,0.18107936337880093,5.429805517253102,165.59467095042797,4.5613399999999995
59.5,0.7647058823529411,30.034970360092096,0.1816079494342147,5.454589378413743,165.3835663783644,4.561913333333333
1.71,0.7647058823529411,29.86502190255748,0.18173098925363998,5.427399974433396,164.33642949511045,4.561913333333333
3.62,0.7647058823529411,30.008071635710976,0.18189212254133275,5.458231843191832,164.97730202082838,4.560766666666667
5.13,0.7647058823529411,29.818260532211696,0.1825304787331233,5.442741369933597,163.36044664523556,4.560766666666667
7.01,0.7647058823529411,29.86875169436598,0.1823830101073412,5.447552842167215,163.76937564955628,4.560766666666667
9.26,0.7647058823529411,29.74831787577323,0.18263952164921068,5.4332185466998855,162.87995942581244,4.560766666666667
1.46,0.27450980392156865,9.523560129267391,0.03823690933384397,0.3641515051982086,249.06720483388983,4.55962
2.93,0.5686274509803921,11.347385779237305,0.04833312074334417,0.5484545669891833,234.77453151625687,4.559046666666666
4.56,0.7058823529411765,19.970005428302922,0.10776090581985161,2.1519858741812765,185.3177205255458,4.5573266666666665
6.7,0.7450980392156863,25.959587391729947,0.15024681311622418,3.900345275419539,172.77962076738876,4.55962
8.18,0.7450980392156863,27.876781106231128,0.16430870755903332,4.580397874470916,169.6610089651851,4.5613399999999995
10.27,0.7450980392156863,28.020901778665753,0.1665322154000568,4.6663828507086,168.26114821899014,4.5613399999999995
12.23,0.7450980392156863,28.08393148463467,0.16744683562550636,4.702565459025605,167.71849631989573,4.561913333333333
13.84,0.7450980392156863,28.514272018453678,0.16817430719412116,4.795367941848162,169.5518922848308,4.5613399999999995
15.98,0.7450980392156863,28.28454045995022,0.16936388837749117,4.790379753267642,167.0045529239827,4.560193333333333
17.64,0.7450980392156863,28.322808811634843,0.16987139926973116,4.8112351640814826,166.73088544271263,4.5613399999999995
19.12,0.7450980392156863,28.44871898128008,0.1708062967766288,4.859220337231439,166.55544624612855,4.561913333333333
20.59,0.7450980392156863,28.41525774872454,0.1713051212838494,4.8676791749570985,165.87512116255408,4.55962
22.05,0.7450980392156863,28.46907118459949,0.17209789307754594,4.8994671687442475,165.42370551725205,4.5613399999999995
23.52,0.7450980392156863,28.52324290145227,0.17237183442217877,4.916603702592717,165.47507890176655,4.560766666666667
25.52,0.7450980392156863,28.48786460887968,0.1728726493297995,4.924772628685663,164.79104542750238,4.5613399999999995
27.56,0.7450980392156863,28.471859548590565,0.1737178033058137,4.94606889681281,163.89718846760087,4.5613399999999995
28.98,0.7450980392156863,28.475742604104408,0.17368979350084573,4.94594585269013,163.94597535154392,4.559046666666666
30.42,0.7450980392156863,28.499685166635633,0.1745846244750977,4.975606832475594,163.24281277530687,4.561913333333333
31.84,0.7450980392156863,28.584768028049183,0.17477529732121916,4.995911330960375,163.5515342623809,4.562486666666667
33.69,0.7450980392156863,28.476875564323873,0.17516731763692048,4.988217907282979,162.5695703313192,4.561913333333333
35.8,0.7450980392156863,28.53542362665236,0.17628864503295083,5.030471166583796,161.867621260114,4.5613399999999995
37.39,0.7450980392156863,28.38226159952466,0.1761928024628534,5.000750211454078,161.08638493055625,4.55962
39.54,0.7450980392156863,28.56243453634891,0.17611919139043775,5.0303928746840825,162.1767299227998,4.5613399999999995
41.41,0.7450980392156863,28.323641750930104,0.17640105175084175,4.996320194278123,160.56390520242434,4.560193333333333
43.56,0.7450980392156863,28.306674995964336,0.1768131826351046,5.004993295853991,160.09369083289332,4.558473333333333
45.05,0.7450980392156863,28.49486985222383,0.17748728074928724,5.057476965376051,160.54598240464767,4.561913333333333
46.53,0.7450980392156863,28.58289112072121,0.17750097641338983,5.073491082645625,161.02948670069995,4.562486666666667
48.29,0.7450980392156863,28.274522993028405,0.17770002253430045,5.024383373007744,159.11378394772422,4.55962
50.57,0.7450980392156863,28.294138091687262,0.17850325792415392,5.05059582952208,158.50768451357592,4.5613399999999995
52.63,0.7450980392156863,28.656828482993422,0.17849112783967347,5.114989636237575,160.55043648294898,4.561913333333333
54.18,0.7450980392156863,28.302391157861603,0.1784905916921408,5.051710544069131,158.56517080002374,4.5613399999999995
55.73,0.7450980392156863,28.334691657631367,0.17950595283479645,5.086245824283277,157.84820063158824,4.560766666666667
57.29,0.7450980392156863,28.30402394169962,0.17885600219612574,5.062344568275822,158.25034437850542,4.562486666666667
58.84,0.7450980392156863,28.193430843238232,0.17949567447824338,5.060598885062757,157.07025211159365,4.561913333333333
0.0,0.7450980392156863,28.25912154929701,0.17975987965650228,5.079856288900101,157.2048312632191,4.562486666666667
1.55,0.7450980392156863,28.239880672374174,0.17958401594090606,5.071431180836928,157.2516380392495,4.560766666666667
3.11,0.7450980392156863,28.20354832604094,0.17967467821260036,5.067463469934929,156.97007840286236,4.560766666666667
1.82,0.27450980392156865,9.518775354866087,0.03816081882947393,0.3632442617955062,249.4384462084486,4.559046666666666
3.98,0.5882352941176471,12.453910358188534,0.04244198733899081,0.5285687057431642,293.43372304216575,4.559046666666666
6.05,0.7843137254901961,25.385987037770274,0.07929723865981579,2.0130386727490595,320.1370875810172,4.55962
8.18,0.803921568627451,37.59434290830295,0.11827555423703473,4.446491743656668,317.85387226307597,4.55962
10.24,0.803921568627451,39.83470679067406,0.12490184997710256,4.9754285714506405,318.928076709646,4.55962
12.49,0.803921568627451,39.867803808000524,0.12514906620695918,4.989418418293517,318.56253519359933,4.560193333333333
14.03,0.803921568627451,40.96837678204685,0.12314490376350608,5.045046816172216,332.6843054806772,4.560193333333333
16.2,0.8431372549019608,57.25212094020439,0.07751081868733194,4.437658765661383,738.633934072502,4.562486666666667
17.8,0.8431372549019608,60.47637650762091,0.08197178784492548,4.957356704712537,737.7706171546524,4.5579
19.28,1.1176470588235294,9.516623751649187,0.03816515686871117,0.3632034383421938,249.35371769560766,4.559046666666666
21.49,0.8823529411764706,50.81495788074885,0.2696833095803768,13.7039460174678,188.4245560461868,4.560193333333333
23.4,0.803921568627451,36.881678198119474,0.19151930879628165,7.0635535157507325,192.57420272621374,4.561913333333333
24.92,0.7843137254901961,32.65507285453657,0.1678776621928209,5.482057289555846,194.5170812363923,4.55962
26.74,0.7843137254901961,31.86324061255039,0.16337223190189143,5.205568734499347,195.03461660293016,4.560766666666667
28.86,0.7843137254901961,32.17962957943009,0.16497306990609317,5.308772280159504,195.05989430728025,4.560766666666667
30.72,0.7843137254901961,32.04875411602228,0.16614316151049072,5.324681331308294,192.89842461556046,4.560766666666667
32.85,0.7843137254901961,32.014925188292096,0.16753740446032167,5.363697470037833,191.09120910294558,4.560193333333333
34.53,0.7843137254901961,32.14949202791499,0.16858082921718898,5.419788024977315,190.70669053653543,4.55962
36.69,0.7647058823529411,32.2218953453598,0.16965652053064276,5.466654649196257,189.92429671773206,4.560766666666667
38.77,0.7647058823529411,31.214982793060393,0.16463917745235027,5.1392090912387305,189.59632376743747,4.560766666666667
40.78,0.7647058823529411,31.337434771717575,0.16523841694276664,5.178148112725822,189.64981238335073,4.560766666666667
42.92,0.7647058823529411,31.15168863432406,0.16590489219815618,5.16821754466806,187.7683546372858,4.558473333333333
44.62,0.7647058823529411,31.116090127064975,0.1665893590927172,5.183609511738979,186.7831792890623,4.560766666666667
46.11,0.7647058823529411,31.182145724199597,0.16703850691748057,5.208619064253601,186.67639156762834,4.560766666666667
48.15,0.7647058823529411,31.18609465377541,0.16716348279787874,5.213176197189404,186.56045047519885,4.560766666666667
50.22,0.7647058823529411,31.185253020031954,0.16781360769961426,5.233309816316853,185.8326833414692,4.558473333333333
51.7,0.7647058823529411,31.157894190451184,0.16847244146054738,5.249246505034717,184.94356655802184,4.55962
53.93,0.7647058823529411,31.075572403046742,0.16915205009503673,5.256496779852103,183.7138384405461,4.55962
55.73,0.7647058823529411,31.051533719262462,0.16987322647481345,5.2748242198825785,182.79239385534584,4.559046666666666
57.23,0.7647058823529411,31.07412335306175,0.16997652800084914,5.281871598223541,182.81420216388062,4.560766666666667
58.77,0.7647058823529411,31.02645915962679,0.17037138120476236,5.286020700918766,182.11074501026297,4.560766666666667
0.51,0.7647058823529411,30.98637665389345,0.1710229831276162,5.299382571664781,181.18252931403742,4.560193333333333
2.7,0.7647058823529411,30.961044652368663,0.1714570590114429,5.308489660017092,180.57608611088068,4.560766666666667
4.29,0.7647058823529411,30.982664104073102,0.17184013448412994,5.324065166320547,180.29934739683566,4.560766666666667
5.84,1.0588235294117647,9.528885564167416,0.038240905771918646,0.36439321497072197,249.1804357616639,4.5579
7.38,0.8235294117647058,49.84739542482686,0.24788257038452835,12.35630050488006,201.092780938575,4.55962
9.17,0.7843137254901961,34.878552555056416,0.1715678485963907,5.9840382240271754,203.29305776344717,4.560193333333333
11.37,0.7843137254901961,32.910685037163816,0.1622177411302849,5.338696985778981,202.87969002559132,4.560193333333333
13.22,0.7843137254901961,32.98244551632271,0.16307575216621908,5.378637110855666,202.25229734157242,4.55962
15.36,0.7647058823529411,33.074297819325196,0.16403340652467924,5.425289739715682,201.6314756857109,4.55962
17.51,0.7647058823529411,32.134875391365725,0.15905000143642792,5.1110519771561504,202.04259730365357,4.5579
19.37,0.7647058823529411,32.169432054648084,0.15965267414303538,5.135935853187248,201.4963559321717,4.559046666666666
20.87,0.7647058823529411,32.17347543345477,0.1602395295475377,5.155462567366054,200.78363637425667,4.55962
22.72,0.7647058823529411,32.20630762533632,0.16078591315041219,5.178320580742784,200.3055304677589,4.560193333333333
24.96,0.7647058823529411,32.18913885398278,0.16146158044648498,5.197309232575416,199.36097965207017,4.561913333333333
26.46,0.7647058823529411,32.187095358204246,0.16212927852203796,5.2184705481456914,198.5273459033441,4.558473333333333
27.96,0.7647058823529411,32.15507634929694,0.16254400652911402,5.226614940064282,197.82382036668633,4.560193333333333
29.46,0.7647058823529411,32.10663913749687,0.16330599505542814,5.24320665223448,196.60416708277896,4.559046666666666
30.94,0.7647058823529411,32.0933091498932,0.16369754956656699,5.2535960653198,196.05247137094486,4.5613399999999995
32.46,0.7647058823529411,32.0448853529069,0.1641536206640095,5.2602839544427535,195.21278436189078,4.558473333333333
34.02,0.7647058823529411,32.10747735271693,0.164332648406222,5.276306787014766,195.38100106163242,4.55962
35.59,0.7647058823529411,32.026172315468536,0.16471400774779849,5.275159194902414,194.43502561424737,4.55962
37.13,0.7647058823529411,32.01374377406978,0.16523941469994277,5.289932283581227,193.741570872805,4.559046666666666
38.94,0.7647058823529411,32.048793687788574,0.16576507617340053,5.312570726921871,193.33863578274807,4.5613399999999995
41.16,0.7647058823529411,31.993590991500522,0.16623283675540154,5.318385388509191,192.46252194189861,4.560766666666667
42.71,0.7647058823529411,32.073084656766255,0.1654306233248422,5.305870386719274,193.8763453353315,4.55962
44.26,0.7647058823529411,32.07885742215531,0.16623124141810727,5.332508292559342,192.97730768592464,4.560193333333333
45.79,0.7647058823529411,31.993331115831488,0.16641784438145724,5.324261198878878,192.2469987202663,4.559046666666666
47.3,0.7647058823529411,32.01013024923971,0.16706505522879547,5.347774177970169,191.60278734174454,4.560193333333333
49.5,0.7647058823529411,31.96162167584908,0.16726590005387243,5.346089416792255,191.08271121343316,4.561913333333333
51.34,0.7647058823529411,31.890275679281075,0.16746359793520926,5.340460304398109,190.43109112954355,4.559046666666666
53.22,0.7647058823529411,31.71797927334819,0.16868957070097218,5.35049230712344,188.0257276223265,4.5613399999999995
55.38,0.7647058823529411,31.7091259014086,0.16861699325401766,5.346697468208611,188.05415331798454,4.562486666666667
56.93,0.7647058823529411,31.687573178328208,0.16927396760304822,5.363881235607549,187.1969661196598,4.56306
59.19,0.7647058823529411,31.682609633527058,0.16917007156275748,5.359749338998682,187.28259284192401,4.55962
1.01,0.7647058823529411,31.559400803163033,0.16979680909087302,5.358685553197018,185.86568836092118,4.56306
2.48,0.7647058823529411,31.64999600231635,0.17026208645676869,5.388794355702769,185.88986345091345,4.560193333333333
4.0,0.7647058823529411,31.54496967560338,0.17017904150114418,5.368292703576842,185.36342311806527,4.561913333333333
5.51,0.7647058823529411,31.518543820062906,0.17027441114761713,5.3668014891915785,185.10440651436653,4.561913333333333
7.03,0.7647058823529411,31.613982767212125,0.1702718614403989,5.382971693317902,185.66768754259564,4.560766666666667
8.59,0.7647058823529411,31.48889555233426,0.17041030414476535,5.36603226825603,184.78281410485667,4.561913333333333
