Segundo,Corrente,Impedancia
1.82,0.0381608188294739,249.4384462084486
3.98,0.0424419873389908,293.4337230421657
6.05,0.0792972386598157,320.1370875810172
8.18,0.1182755542370347,317.853872263076
10.24,0.1249018499771025,318.928076709646
12.49,0.1251490662069591,318.56253519359933
14.03,0.123144903763506,332.6843054806772
16.2,0.0775108186873319,738.633934072502
17.8,0.0819717878449254,737.7706171546524
1.52,0.0382019148610361,249.2014490910113
3.06,0.0492766317903831,239.4452856586352
4.85,0.1031331617253412,198.2184883903199
7.04,0.1499648094055917,184.16543642285205
9.02,0.1643304678789349,180.2724036726383
11.08,0.1662804752800237,179.04285502543948
12.51,0.1673411627342049,179.1274962317403
13.94,0.1681803673362165,177.8118505509383
15.45,0.1688406025007985,177.96833733473477
17.62,0.170235779134977,177.32198255283643
19.51,0.1706827825721671,176.4309902961115
21.68,0.1720120609264022,175.13805874851488
23.15,0.1725004022287898,175.40712368919145
24.59,0.1728760034001381,174.85788293058835
26.69,0.1741992114951277,173.06554357787655
28.67,0.1746422217218086,173.91627487373003
30.12,0.1748952704708819,173.2611935145111
31.57,0.1748834255543675,173.2166060778334
33.02,0.1755859385156381,172.06312885247084
34.47,0.1765789291475925,170.84386838566255
35.92,0.1765558781543266,170.83161278049752
37.4,0.1765995497233573,170.8837302676529
39.58,0.1771110915194867,170.48324638375
41.29,0.1775935912655904,169.962570657934
42.84,0.1784405970404812,169.00360189647654
44.38,0.1784608270999621,168.80150729747933
46.41,0.1784695825434359,168.553180549231
48.52,0.1793331220746522,167.68537888671833
50.06,0.1795836294297082,168.73699157221697
51.59,0.1804974254947358,166.5857289410781
53.07,0.1803697038231275,166.7802815479157
55.33,0.1800913430400552,165.88638824302166
57.11,0.1803946370417348,166.81557211166535
58.65,0.1809315331494872,167.13766647882375
0.67,0.0382823326501267,249.15295888562775
2.64,0.2594870203626925,192.49034406668457
4.78,0.1800851067488958,195.9306956957868
6.28,0.1623690197275727,197.4726833454548
7.82,0.1631352286088132,195.0999063374424
9.36,0.1633986254362391,195.13677043406557
10.87,0.1635109449131399,195.3427603504912
12.85,0.1638217798769815,195.0162139430757
14.99,0.1650958655040157,192.93155543993555
16.47,0.1652800607092257,193.13683115918508
18.5,0.1650491999575699,193.98971422935583
20.6,0.1660855936820419,192.88417766478835
22.11,0.1668804754114766,191.6992443564356
23.81,0.1670913706383535,190.6203746586789
26.13,0.166788191067637,191.7938358014348
27.65,0.1691937655975701,187.49800974477844
29.83,0.16923356156783,186.75456004971505
31.87,0.1681584550959438,189.568709071977
33.96,0.1693580944919835,187.35172956188424
36.11,0.1698163737997063,186.23978437070764
38.04,0.1698311991051799,187.4930888987018
40.02,0.1713006161912704,184.8140913863547
42.04,0.1713544802317616,183.6449343333836
43.81,0.171550270534862,183.10816865018168
45.98,0.1728049664704208,181.02651596930943
47.53,0.1723898633035019,182.39426491194732
49.1,0.1730154438223438,180.7610011370957
50.64,0.1732826529721894,180.6581842437596
52.12,0.1732834626517633,181.18189201562333
53.61,0.1740780243789327,180.063703198953
55.26,0.1719260546127138,183.38172699368528
56.75,0.1739454957505533,179.87925458794172
58.25,0.1734220564653325,180.87082647573948
59.82,0.1737327207990125,179.30606592618372
1.82,0.0381608188294739,249.4384462084486
3.98,0.0424419873389908,293.4337230421657
6.05,0.0792972386598157,320.1370875810172
8.18,0.1182755542370347,317.853872263076
10.24,0.1249018499771025,318.928076709646
12.49,0.1251490662069591,318.56253519359933
14.03,0.123144903763506,332.6843054806772
16.2,0.0775108186873319,738.633934072502
17.8,0.0819717878449254,737.7706171546524
19.28,0.0381651568687111,249.35371769560768
21.49,0.2696833095803768,188.4245560461868
23.4,0.1915193087962816,192.5742027262137
24.92,0.1678776621928209,194.5170812363923
26.74,0.1633722319018914,195.03461660293016
28.86,0.1649730699060931,195.05989430728025
30.72,0.1661431615104907,192.8984246155605
32.85,0.1675374044603216,191.0912091029456
34.53,0.1685808292171889,190.70669053653543
36.69,0.1696565205306427,189.9242967177321
38.77,0.1646391774523502,189.59632376743747
40.78,0.1652384169427666,189.64981238335076
42.92,0.1659048921981561,187.7683546372858
44.62,0.1665893590927172,186.7831792890623
46.11,0.1670385069174805,186.67639156762837
48.15,0.1671634827978787,186.56045047519885
50.22,0.1678136076996142,185.8326833414692
51.7,0.1684724414605473,184.94356655802184
53.93,0.1691520500950367,183.7138384405461
55.73,0.1698732264748134,182.79239385534584
57.23,0.1699765280008491,182.81420216388065
58.77,0.1703713812047623,182.11074501026297
0.51,0.1710229831276162,181.18252931403745
2.7,0.1714570590114429,180.57608611088068
4.29,0.1718401344841299,180.29934739683569
5.84,0.0382409057719186,249.1804357616639
7.38,0.2478825703845283,201.092780938575
9.17,0.1715678485963907,203.2930577634472
11.37,0.1622177411302849,202.8796900255913
13.22,0.163075752166219,202.2522973415724
15.36,0.1640334065246792,201.6314756857109
17.51,0.1590500014364279,202.0425973036536
19.37,0.1596526741430353,201.4963559321717
20.87,0.1602395295475377,200.78363637425667
22.72,0.1607859131504121,200.3055304677589
24.96,0.1614615804464849,199.36097965207017
26.46,0.1621292785220379,198.5273459033441
27.96,0.162544006529114,197.82382036668636
29.46,0.1633059950554281,196.60416708277896
30.94,0.1636975495665669,196.0524713709449
32.46,0.1641536206640095,195.2127843618908
34.02,0.164332648406222,195.3810010616324
35.59,0.1647140077477984,194.43502561424737
37.13,0.1652394146999427,193.741570872805
38.94,0.1657650761734005,193.33863578274807
41.16,0.1662328367554015,192.4625219418986
42.71,0.1654306233248422,193.8763453353315
44.26,0.1662312414181072,192.97730768592464
45.79,0.1664178443814572,192.2469987202663
47.3,0.1670650552287954,191.60278734174452
49.5,0.1672659000538724,191.0827112134332
51.34,0.1674635979352092,190.43109112954355
53.22,0.1686895707009721,188.0257276223265
55.38,0.1686169932540176,188.05415331798451
56.93,0.1692739676030482,187.1969661196598
59.19,0.1691700715627574,187.282592841924
1.01,0.169796809090873,185.8656883609212
2.48,0.1702620864567686,185.88986345091345
4.0,0.1701790415011441,185.36342311806527
5.51,0.1702744111476171,185.10440651436653
7.03,0.1702718614403989,185.66768754259564
8.59,0.1704103041447653,184.78281410485667
10.14,0.1708075022017401,184.66904831825815
1.46,0.0382369093338439,249.06720483388983
2.93,0.0483331207433441,234.77453151625687
4.56,0.1077609058198516,185.3177205255458
6.7,0.1502468131162241,172.77962076738876
8.18,0.1643087075590333,169.6610089651851
10.27,0.1665322154000568,168.26114821899014
12.23,0.1674468356255063,167.7184963198957
13.84,0.1681743071941211,169.5518922848308
15.98,0.1693638883774911,167.0045529239827
17.64,0.1698713992697311,166.73088544271263
19.12,0.1708062967766288,166.55544624612855
20.59,0.1713051212838494,165.87512116255408
22.05,0.1720978930775459,165.42370551725205
23.52,0.1723718344221787,165.47507890176655
25.52,0.1728726493297995,164.79104542750238
27.56,0.1737178033058137,163.89718846760087
28.98,0.1736897935008457,163.94597535154392
30.42,0.1745846244750977,163.24281277530687
31.84,0.1747752973212191,163.5515342623809
33.69,0.1751673176369204,162.5695703313192
35.8,0.1762886450329508,161.867621260114
37.39,0.1761928024628534,161.08638493055625
39.54,0.1761191913904377,162.1767299227998
41.41,0.1764010517508417,160.56390520242434
43.56,0.1768131826351046,160.09369083289332
45.05,0.1774872807492872,160.54598240464767
46.53,0.1775009764133898,161.02948670069995
48.29,0.1777000225343004,159.11378394772422
50.57,0.1785032579241539,158.50768451357592
52.63,0.1784911278396734,160.55043648294898
54.18,0.1784905916921408,158.56517080002374
55.73,0.1795059528347964,157.84820063158824
57.29,0.1788560021961257,158.25034437850542
58.84,0.1794956744782433,157.07025211159365
0.0,0.1797598796565022,157.2048312632191
1.55,0.179584015940906,157.2516380392495
3.11,0.1796746782126003,156.97007840286236
4.62,0.1795114340775776,157.88428508909766
1.46,0.0382369093338439,249.06720483388983
2.93,0.0483331207433441,234.77453151625687
4.56,0.1077609058198516,185.3177205255458
6.7,0.1502468131162241,172.77962076738876
8.18,0.1643087075590333,169.6610089651851
10.27,0.1665322154000568,168.26114821899014
12.23,0.1674468356255063,167.7184963198957
13.84,0.1681743071941211,169.5518922848308
15.98,0.1693638883774911,167.0045529239827
17.64,0.1698713992697311,166.73088544271263
19.12,0.1708062967766288,166.55544624612855
20.59,0.1713051212838494,165.87512116255408
22.05,0.1720978930775459,165.42370551725205
23.52,0.1723718344221787,165.47507890176655
25.52,0.1728726493297995,164.79104542750238
27.56,0.1737178033058137,163.89718846760087
28.98,0.1736897935008457,163.94597535154392
30.42,0.1745846244750977,163.24281277530687
31.84,0.1747752973212191,163.5515342623809
33.69,0.1751673176369204,162.5695703313192
35.8,0.1762886450329508,161.867621260114
37.39,0.1761928024628534,161.08638493055625
39.54,0.1761191913904377,162.1767299227998
41.41,0.1764010517508417,160.56390520242434
43.56,0.1768131826351046,160.09369083289332
45.05,0.1774872807492872,160.54598240464767
46.53,0.1775009764133898,161.02948670069995
48.29,0.1777000225343004,159.11378394772422
50.57,0.1785032579241539,158.50768451357592
52.63,0.1784911278396734,160.55043648294898
54.18,0.1784905916921408,158.56517080002374
55.73,0.1795059528347964,157.84820063158824
57.29,0.1788560021961257,158.25034437850542
58.84,0.1794956744782433,157.07025211159365
0.0,0.1797598796565022,157.2048312632191
1.55,0.179584015940906,157.2516380392495
3.11,0.1796746782126003,156.97007840286236
4.62,0.1795114340775776,157.88428508909766
6.15,0.0382966176133706,248.99693779800705
8.2,0.271560447968271,172.6232055319555
10.25,0.1923960309772358,172.93753504127898
11.8,0.1789605956508254,174.8185870346153
13.34,0.1727163377769044,175.6477030887729
14.89,0.173171028420553,176.18394675793706
17.02,0.1737674986346589,174.6443596588797
19.01,0.1742394779459201,174.39998385601783
20.56,0.1755860595530828,174.48993356740442
22.83,0.1757135842592811,173.31028973832255
24.95,0.1753960089748077,173.2210217693931
27.15,0.1757601895146451,173.52873885502026
28.7,0.1760998183071344,172.6455929233372
30.26,0.1765957622514712,171.97394013083485
31.81,0.1762442440550515,172.94649540406974
33.31,0.1767103037179567,172.1678228537895
34.82,0.1764398132914171,173.3167492786196
36.34,0.177191422796247,172.6226725457772
37.85,0.1776236117671453,171.52610352692415
39.99,0.1775379570940533,171.79985064534827
41.92,0.1772854060145798,172.45229339563306
43.39,0.177679892946043,172.25660685390804
44.86,0.1778503824369906,171.42347149245276
46.33,0.1782318866989138,170.81508504260802
47.8,0.178060263453981,169.8928136892932
49.31,0.1782475913796951,170.26132086694605
50.82,0.1785324064458956,169.9186587675507
52.33,0.1784484168204429,170.1619940049051
53.85,0.1784016116815717,169.60910811215695
55.92,0.1792169115427325,169.21290945389123
58.01,0.1793875783272645,168.6735709057712
59.49,0.1790406278618246,169.06301508553955
0.97,0.1796723449468202,168.40470776082805
2.44,0.1792260033244948,170.76114047053505
4.59,0.1794811894121278,168.29253040992774
6.47,0.179837082528062,167.55210081302522
7.94,0.1810458236781361,168.4946187089121
9.41,0.1735364745074175,168.7570528320949
1.82,0.0381608188294739,249.4384462084486
3.98,0.0424419873389908,293.4337230421657
6.05,0.0792972386598157,320.1370875810172
8.18,0.1182755542370347,317.853872263076
10.24,0.1249018499771025,318.928076709646
12.49,0.1251490662069591,318.56253519359933
14.03,0.123144903763506,332.6843054806772
16.2,0.0775108186873319,738.633934072502
17.8,0.0819717878449254,737.7706171546524
19.28,0.0381651568687111,249.35371769560768
21.49,0.2696833095803768,188.4245560461868
23.4,0.1915193087962816,192.5742027262137
24.92,0.1678776621928209,194.5170812363923
26.74,0.1633722319018914,195.03461660293016
28.86,0.1649730699060931,195.05989430728025
30.72,0.1661431615104907,192.8984246155605
32.85,0.1675374044603216,191.0912091029456
34.53,0.1685808292171889,190.70669053653543
36.69,0.1696565205306427,189.9242967177321
38.77,0.1646391774523502,189.59632376743747
40.78,0.1652384169427666,189.64981238335076
42.92,0.1659048921981561,187.7683546372858
44.62,0.1665893590927172,186.7831792890623
46.11,0.1670385069174805,186.67639156762837
48.15,0.1671634827978787,186.56045047519885
50.22,0.1678136076996142,185.8326833414692
51.7,0.1684724414605473,184.94356655802184
53.93,0.1691520500950367,183.7138384405461
55.73,0.1698732264748134,182.79239385534584
57.23,0.1699765280008491,182.81420216388065
58.77,0.1703713812047623,182.11074501026297
0.51,0.1710229831276162,181.18252931403745
2.7,0.1714570590114429,180.57608611088068
4.29,0.1718401344841299,180.29934739683569
2.07,0.0381991232350966,249.2858263105595
4.03,0.0469655804735286,243.65840377587236
5.69,0.0968338782584777,202.5781443546024
7.85,0.1430231885976007,185.94544294600283
9.5,0.1577719968051124,180.8842044009344
11.66,0.1656509888926365,178.4957083915418
13.61,0.1672923725803888,177.182522287952
15.75,0.1690598310141559,176.31343234087782
17.86,0.1698269782514387,175.84539661395215
19.83,0.1707586662760622,175.2098007462559
21.26,0.1714123165164346,175.27797128280818
22.71,0.1720628571856398,174.38083642236845
24.14,0.1726431734786333,173.6471700704714
25.58,0.1733500432731399,172.96343496474088
27.58,0.1740498484624137,173.02768254510352
29.65,0.1747671522565378,171.65788824114642
31.75,0.1754180456210577,171.23395655413208
33.86,0.1761989114474974,170.44357315199582
36.03,0.1766087456650898,169.7382842056472
38.15,0.1774981823241122,170.59278583617404
39.95,0.177722236155282,168.7978684281475
41.65,0.1782291491776259,167.99449694233388
43.82,0.1790638420324639,167.15895271982163
45.37,0.1790281354051328,167.87129141636632
47.53,0.1798176634512785,166.03929887993033
49.37,0.180137213225799,166.06927709125517
50.87,0.180368096395061,165.14489762365164
52.52,0.1805858877788472,165.00936914097505
54.7,0.1809339873067808,164.4852123706858
56.49,0.1818212229057422,163.9377122150948
58.68,0.1816454632552897,164.07780784129037
0.0,0.1822522036120439,162.84965727106052
2.2,0.1825248702431159,162.40733067132803
3.71,0.1828451769642822,161.87061829757806
1.52,0.0382019148610361,249.2014490910113
3.06,0.0492766317903831,239.4452856586352
4.85,0.1031331617253412,198.2184883903199
7.04,0.1499648094055917,184.16543642285205
9.02,0.1643304678789349,180.2724036726383
11.08,0.1662804752800237,179.04285502543948
12.51,0.1673411627342049,179.1274962317403
13.94,0.1681803673362165,177.8118505509383
15.45,0.1688406025007985,177.96833733473477
17.62,0.170235779134977,177.32198255283643
19.51,0.1706827825721671,176.4309902961115
21.68,0.1720120609264022,175.13805874851488
23.15,0.1725004022287898,175.40712368919145
24.59,0.1728760034001381,174.85788293058835
26.69,0.1741992114951277,173.06554357787655
28.67,0.1746422217218086,173.91627487373003
30.12,0.1748952704708819,173.2611935145111
31.57,0.1748834255543675,173.2166060778334
33.02,0.1755859385156381,172.06312885247084
34.47,0.1765789291475925,170.84386838566255
35.92,0.1765558781543266,170.83161278049752
37.4,0.1765995497233573,170.8837302676529
39.58,0.1771110915194867,170.48324638375
41.29,0.1775935912655904,169.962570657934
42.84,0.1784405970404812,169.00360189647654
44.38,0.1784608270999621,168.80150729747933
46.41,0.1784695825434359,168.553180549231
48.52,0.1793331220746522,167.68537888671833
50.06,0.1795836294297082,168.73699157221697
51.59,0.1804974254947358,166.5857289410781
53.07,0.1803697038231275,166.7802815479157
55.33,0.1800913430400552,165.88638824302166
57.11,0.1803946370417348,166.81557211166535
58.65,0.1809315331494872,167.13766647882375
0.67,0.0382823326501267,249.15295888562775
2.64,0.2594870203626925,192.49034406668457
4.78,0.1800851067488958,195.9306956957868
6.28,0.1623690197275727,197.4726833454548
7.82,0.1631352286088132,195.0999063374424
9.36,0.1633986254362391,195.13677043406557
10.87,0.1635109449131399,195.3427603504912
12.85,0.1638217798769815,195.0162139430757
14.99,0.1650958655040157,192.93155543993555
16.47,0.1652800607092257,193.13683115918508
18.5,0.1650491999575699,193.98971422935583
20.6,0.1660855936820419,192.88417766478835
22.11,0.1668804754114766,191.6992443564356
23.81,0.1670913706383535,190.6203746586789
26.13,0.166788191067637,191.7938358014348
27.65,0.1691937655975701,187.49800974477844
29.83,0.16923356156783,186.75456004971505
31.87,0.1681584550959438,189.568709071977
33.96,0.1693580944919835,187.35172956188424
36.11,0.1698163737997063,186.23978437070764
38.04,0.1698311991051799,187.4930888987018
40.02,0.1713006161912704,184.8140913863547
42.04,0.1713544802317616,183.6449343333836
43.81,0.171550270534862,183.10816865018168
45.98,0.1728049664704208,181.02651596930943
47.53,0.1723898633035019,182.39426491194732
49.1,0.1730154438223438,180.7610011370957
50.64,0.1732826529721894,180.6581842437596
52.12,0.1732834626517633,181.18189201562333
53.61,0.1740780243789327,180.063703198953
55.26,0.1719260546127138,183.38172699368528
56.75,0.1739454957505533,179.87925458794172
58.25,0.1734220564653325,180.87082647573948
59.82,0.1737327207990125,179.30606592618372
1.42,0.0383162641329791,248.86794670856133
3.6,0.2748270389395508,178.4585560026523
5.58,0.1886920157835783,180.04150044764387
7.08,0.1765997368487393,181.03400637870485
8.63,0.1714248214655153,180.926834599953
10.19,0.1719361312443752,179.56302325628647
11.71,0.1720841407618095,179.75641258112535
13.25,0.1725324457461803,179.55468735903472
15.55,0.1726926119289739,178.57231570144845
17.1,0.1729839881788116,179.8522840805331
18.65,0.1734044587839617,178.44833224901365
20.18,0.1737879731484306,177.67838318120306
21.68,0.1741125233803888,177.3244818786108
23.17,0.1749612911062091,176.3796193403731
24.73,0.1749076960184066,176.32848776500273
26.62,0.174741099631692,176.6251713195239
28.84,0.1755176903521413,175.27505996498118
30.43,0.1753644908271081,175.04320296151985
31.98,0.1760878935019756,175.3425711946262
34.05,0.1758268412978242,175.18943888230143
36.13,0.1756641729465101,175.43786134797634
37.64,0.1770040772402984,172.56595996354898
39.86,0.1771914063178391,172.85557840941823
41.76,0.1767505227199494,173.1269140722786
43.24,0.1769966321433599,172.72172140602635
44.76,0.1772956252320398,172.21871061555606
46.98,0.1781247406026897,171.67148649143817
48.84,0.1775609224191706,172.30835014774146
50.29,0.1780581945927965,171.38593669199713
52.46,0.1784336044388884,170.85280911149889
54.4,0.1787436647530698,170.08655869784647
55.97,0.178554434851463,171.43217942215438
57.54,0.1786724185530372,170.30615301539916
59.12,0.1784035193318836,169.80752953347593
1.52,0.0382019148610361,249.2014490910113
3.06,0.0492766317903831,239.4452856586352
4.85,0.1031331617253412,198.2184883903199
7.04,0.1499648094055917,184.16543642285205
9.02,0.1643304678789349,180.2724036726383
11.08,0.1662804752800237,179.04285502543948
12.51,0.1673411627342049,179.1274962317403
13.94,0.1681803673362165,177.8118505509383
15.45,0.1688406025007985,177.96833733473477
17.62,0.170235779134977,177.32198255283643
19.51,0.1706827825721671,176.4309902961115
21.68,0.1720120609264022,175.13805874851488
23.15,0.1725004022287898,175.40712368919145
24.59,0.1728760034001381,174.85788293058835
26.69,0.1741992114951277,173.06554357787655
28.67,0.1746422217218086,173.91627487373003
30.12,0.1748952704708819,173.2611935145111
31.57,0.1748834255543675,173.2166060778334
33.02,0.1755859385156381,172.06312885247084
34.47,0.1765789291475925,170.84386838566255
35.92,0.1765558781543266,170.83161278049752
37.4,0.1765995497233573,170.8837302676529
39.58,0.1771110915194867,170.48324638375
41.29,0.1775935912655904,169.962570657934
42.84,0.1784405970404812,169.00360189647654
44.38,0.1784608270999621,168.80150729747933
46.41,0.1784695825434359,168.553180549231
48.52,0.1793331220746522,167.68537888671833
50.06,0.1795836294297082,168.73699157221697
51.59,0.1804974254947358,166.5857289410781
53.07,0.1803697038231275,166.7802815479157
55.33,0.1800913430400552,165.88638824302166
57.11,0.1803946370417348,166.81557211166535
58.65,0.1809315331494872,167.13766647882375
2.07,0.0381991232350966,249.2858263105595
4.03,0.0469655804735286,243.65840377587236
5.69,0.0968338782584777,202.5781443546024
7.85,0.1430231885976007,185.94544294600283
9.5,0.1577719968051124,180.8842044009344
11.66,0.1656509888926365,178.4957083915418
13.61,0.1672923725803888,177.182522287952
15.75,0.1690598310141559,176.31343234087782
17.86,0.1698269782514387,175.84539661395215
19.83,0.1707586662760622,175.2098007462559
21.26,0.1714123165164346,175.27797128280818
22.71,0.1720628571856398,174.38083642236845
24.14,0.1726431734786333,173.6471700704714
25.58,0.1733500432731399,172.96343496474088
27.58,0.1740498484624137,173.02768254510352
29.65,0.1747671522565378,171.65788824114642
31.75,0.1754180456210577,171.23395655413208
33.86,0.1761989114474974,170.44357315199582
36.03,0.1766087456650898,169.7382842056472
38.15,0.1774981823241122,170.59278583617404
39.95,0.177722236155282,168.7978684281475
41.65,0.1782291491776259,167.99449694233388
43.82,0.1790638420324639,167.15895271982163
45.37,0.1790281354051328,167.87129141636632
47.53,0.1798176634512785,166.03929887993033
49.37,0.180137213225799,166.06927709125517
50.87,0.180368096395061,165.14489762365164
52.52,0.1805858877788472,165.00936914097505
54.7,0.1809339873067808,164.4852123706858
56.49,0.1818212229057422,163.9377122150948
58.68,0.1816454632552897,164.07780784129037
0.0,0.1822522036120439,162.84965727106052
2.2,0.1825248702431159,162.40733067132803
3.71,0.1828451769642822,161.87061829757806
5.34,0.0382620117453474,249.20528211782735
7.32,0.2719203492777664,178.34195806719055
9.47,0.1862500812760364,180.1664659560272
11.17,0.1744252777525563,180.62347320664205
13.35,0.1691210996715658,181.4273699637794
15.5,0.1700536115512173,180.3809125684689
17.37,0.1706545619758732,180.6326170298877
19.51,0.1719725031489115,178.45681347461598
21.48,0.1728985905195819,177.61471575777924
23.51,0.1733290330610274,177.52393393271052
25.58,0.1739486660865367,175.70219727238847
27.77,0.1745283708961191,175.03467861158407
29.67,0.1748207960096474,174.78696046602272
31.88,0.1755579180173547,173.770638231674
34.05,0.1760693354072401,173.18469618568454
36.13,0.1763238333172025,173.97531128914977
38.43,0.1771847901475005,171.78069633060204
40.03,0.177206152380422,172.15983023588157
41.59,0.1779693690577149,172.69086147603312
43.16,0.1753914547851429,177.7122434768386
44.71,0.1767343870811345,172.60551367176097
46.64,0.1772058529897042,171.7882871574942
48.81,0.178505861656476,169.98008962102708
50.37,0.1770362065684833,170.85626257011734
51.92,0.1766384934867179,173.161414413619
53.44,0.1798643569198517,169.0047135731524
54.99,0.1804775121150845,166.50105399015993
56.52,0.1808784455804732,166.6527482624519
58.01,0.1810793633788009,165.59467095042797
59.5,0.1816079494342147,165.3835663783644
1.71,0.1817309892536399,164.33642949511045
3.62,0.1818921225413327,164.97730202082838
5.13,0.1825304787331233,163.36044664523556
7.01,0.1823830101073412,163.76937564955628
9.26,0.1826395216492106,162.87995942581244
1.46,0.0382369093338439,249.06720483388983
2.93,0.0483331207433441,234.77453151625687
4.56,0.1077609058198516,185.3177205255458
6.7,0.1502468131162241,172.77962076738876
8.18,0.1643087075590333,169.6610089651851
10.27,0.1665322154000568,168.26114821899014
12.23,0.1674468356255063,167.7184963198957
13.84,0.1681743071941211,169.5518922848308
15.98,0.1693638883774911,167.0045529239827
17.64,0.1698713992697311,166.73088544271263
19.12,0.1708062967766288,166.55544624612855
20.59,0.1713051212838494,165.87512116255408
22.05,0.1720978930775459,165.42370551725205
23.52,0.1723718344221787,165.47507890176655
25.52,0.1728726493297995,164.79104542750238
27.56,0.1737178033058137,163.89718846760087
28.98,0.1736897935008457,163.94597535154392
30.42,0.1745846244750977,163.24281277530687
31.84,0.1747752973212191,163.5515342623809
33.69,0.1751673176369204,162.5695703313192
35.8,0.1762886450329508,161.867621260114
37.39,0.1761928024628534,161.08638493055625
39.54,0.1761191913904377,162.1767299227998
41.41,0.1764010517508417,160.56390520242434
43.56,0.1768131826351046,160.09369083289332
45.05,0.1774872807492872,160.54598240464767
46.53,0.1775009764133898,161.02948670069995
48.29,0.1777000225343004,159.11378394772422
50.57,0.1785032579241539,158.50768451357592
52.63,0.1784911278396734,160.55043648294898
54.18,0.1784905916921408,158.56517080002374
55.73,0.1795059528347964,157.84820063158824
57.29,0.1788560021961257,158.25034437850542
58.84,0.1794956744782433,157.07025211159365
0.0,0.1797598796565022,157.2048312632191
1.55,0.179584015940906,157.2516380392495
3.11,0.1796746782126003,156.97007840286236
1.82,0.0381608188294739,249.4384462084486
3.98,0.0424419873389908,293.4337230421657
6.05,0.0792972386598157,320.1370875810172
8.18,0.1182755542370347,317.853872263076
10.24,0.1249018499771025,318.928076709646
12.49,0.1251490662069591,318.56253519359933
14.03,0.123144903763506,332.6843054806772
16.2,0.0775108186873319,738.633934072502
17.8,0.0819717878449254,737.7706171546524
19.28,0.0381651568687111,249.35371769560768
21.49,0.2696833095803768,188.4245560461868
23.4,0.1915193087962816,192.5742027262137
24.92,0.1678776621928209,194.5170812363923
26.74,0.1633722319018914,195.03461660293016
28.86,0.1649730699060931,195.05989430728025
30.72,0.1661431615104907,192.8984246155605
32.85,0.1675374044603216,191.0912091029456
34.53,0.1685808292171889,190.70669053653543
36.69,0.1696565205306427,189.9242967177321
38.77,0.1646391774523502,189.59632376743747
40.78,0.1652384169427666,189.64981238335076
42.92,0.1659048921981561,187.7683546372858
44.62,0.1665893590927172,186.7831792890623
46.11,0.1670385069174805,186.67639156762837
48.15,0.1671634827978787,186.56045047519885
50.22,0.1678136076996142,185.8326833414692
51.7,0.1684724414605473,184.94356655802184
53.93,0.1691520500950367,183.7138384405461
55.73,0.1698732264748134,182.79239385534584
57.23,0.1699765280008491,182.81420216388065
58.77,0.1703713812047623,182.11074501026297
0.51,0.1710229831276162,181.18252931403745
2.7,0.1714570590114429,180.57608611088068
4.29,0.1718401344841299,180.29934739683569
5.84,0.0382409057719186,249.1804357616639
7.38,0.2478825703845283,201.092780938575
9.17,0.1715678485963907,203.2930577634472
11.37,0.1622177411302849,202.8796900255913
13.22,0.163075752166219,202.2522973415724
15.36,0.1640334065246792,201.6314756857109
17.51,0.1590500014364279,202.0425973036536
19.37,0.1596526741430353,201.4963559321717
20.87,0.1602395295475377,200.78363637425667
22.72,0.1607859131504121,200.3055304677589
24.96,0.1614615804464849,199.36097965207017
26.46,0.1621292785220379,198.5273459033441
27.96,0.162544006529114,197.82382036668636
29.46,0.1633059950554281,196.60416708277896
30.94,0.1636975495665669,196.0524713709449
32.46,0.1641536206640095,195.2127843618908
34.02,0.164332648406222,195.3810010616324
35.59,0.1647140077477984,194.43502561424737
37.13,0.1652394146999427,193.741570872805
38.94,0.1657650761734005,193.33863578274807
41.16,0.1662328367554015,192.4625219418986
42.71,0.1654306233248422,193.8763453353315
44.26,0.1662312414181072,192.97730768592464
45.79,0.1664178443814572,192.2469987202663
47.3,0.1670650552287954,191.60278734174452
49.5,0.1672659000538724,191.0827112134332
51.34,0.1674635979352092,190.43109112954355
53.22,0.1686895707009721,188.0257276223265
55.38,0.1686169932540176,188.05415331798451
56.93,0.1692739676030482,187.1969661196598
59.19,0.1691700715627574,187.282592841924
1.01,0.169796809090873,185.8656883609212
2.48,0.1702620864567686,185.88986345091345
4.0,0.1701790415011441,185.36342311806527
5.51,0.1702744111476171,185.10440651436653
7.03,0.1702718614403989,185.66768754259564
8.59,0.1704103041447653,184.78281410485667
